"Year","MICROSOFT","APPLE","NVIDIA","AMAZON.COM","META PLATFORMS A","ALPHABET A","TESLA","ELI LILLY","BROADCOM","JP MORGAN CHASE & CO.","UNITEDHEALTH GROUP","WALMART","VISA 'A'","EXXON MOBIL","MASTERCARD","JOHNSON & JOHNSON","PROCTER & GAMBLE","HOME DEPOT","MERCK & COMPANY","COSTCO WHOLESALE","ABBVIE","ORACLE","CHEVRON","ADVANCED MICRO DEVICES","COCA COLA","BANK OF AMERICA","SALESFORCE","ACCENTURE CLASS A","ADOBE (NAS)","NETFLIX","PEPSICO","CISCO SYSTEMS","LINDE (NYS)","THERMO FISHER SCIENTIFIC","MCDONALDS","ABBOTT LABORATORIES","WALT DISNEY","INTEL","INTERNATIONAL BUS.MCHS.","WELLS FARGO & CO","T-MOBILE US","DANAHER","GENERAL ELECTRIC","INTUIT","CATERPILLAR","QUALCOMM","VERIZON COMMUNICATIONS","COMCAST A","PFIZER","UBER TECHNOLOGIES","AMGEN","APPLIED MATS.","S&P GLOBAL","AMERICAN EXPRESS","SERVICENOW","UNION PACIFIC","CITIGROUP","TEXAS INSTRUMENTS","MORGAN STANLEY","PHILIP MORRIS INTL.","NIKE 'B'","PARKER-HANNIFIN","BOEING","GOLDMAN SACHS GP.","BLACKROCK","HONEYWELL INTL.","INTUITIVE SURGICAL","LOWE'S COMPANIES","STRYKER","BOOKING HOLDINGS","CONOCOPHILLIPS","LAM RESEARCH","PROLOGIS REIT","RTX","AT&T","BRISTOL MYERS SQUIBB","NEXTERA ENERGY","STARBUCKS","EATON","ELEVANCE HEALTH","PROGRESSIVE OHIO","TJX","VERTEX PHARMS.","CHARLES SCHWAB","MEDTRONIC","UNITED PARCEL SER.'B'","AUTOMATIC DATA PROC.","CHUBB","CVS HEALTH","LOCKHEED MARTIN","MONDELEZ INTERNATIONAL CL.A","REGENERON PHARMS.","CIGNA","DEERE","MICRON TECHNOLOGY","PALO ALTO NETWORKS","ANALOG DEVICES","BOSTON SCIENTIFIC","GILEAD SCIENCES","MARSH & MCLENNAN","ZOETIS A","BLACKSTONE","INGERSOLL RAND","KLA","SYNOPSYS","ALTRIA GROUP","AMERICAN TOWER","CADENCE DESIGN SYS.","CME GROUP","FISERV","HCA HEALTHCARE","INTERCONTINENTAL EX.","ARISTA NETWORKS","EQUINIX REIT","ILLINOIS TOOL WORKS","MSCI","SHERWIN-WILLIAMS","WASTE MANAGEMENT","BECTON DICKINSON","CHIPOTLE MEXN.GRILL","COLGATE-PALM.","CSX","GENERAL DYNAMICS","MARRIOTT INTL.'A'","MOODY'S","SCHLUMBERGER","TARGET","3M","AIRBNB A","AMPHENOL 'A'","DUKE ENERGY","FEDEX","GENERAL MOTORS","MCKESSON","NORTHROP GRUMMAN","SOUTHERN","TRANE TECHNOLOGIES","TRANSDIGM GROUP","US BANCORP","AON CLASS A","EOG RES.","FORD MOTOR","LULULEMON ATHLETICA","MARATHON PETROLEUM","MONSTER BEVERAGE","NXP SEMICONDUCTORS","O REILLY AUTOMOTIVE","PAYPAL HOLDINGS","PHILLIPS 66","CINTAS","ECOLAB","EMERSON ELECTRIC","FREEPORT-MCMORAN","NORFOLK SOUTHERN","OCCIDENTAL PTL.","PNC FINL.SVS.GP.","ROPER TECHNOLOGIES","AIR PRDS.& CHEMS.","AUTODESK","FORTINET","KRAFT HEINZ","MOTOROLA SOLUTIONS","PACCAR","PRUDENTIAL FINL.","REPUBLIC SVS.'A'","AMERICAN INTL.GP.","ARTHUR J GALLAGHER","CAPITAL ONE FINL.","CENCORA","COPART","EDWARDS LIFESCIENCES","HILTON WORLDWIDE HDG.","HUMANA","IDEXX LABORATORIES","NUCOR","PIONEER NTRL.RES.","TRAVELERS COS.","TRUIST FINANCIAL","VALERO ENERGY","WELLTOWER","AFLAC","ALLSTATE ORD SHS","AUTOZONE","BANK OF NEW YORK MELLON","CARRIER GLOBAL","CENTENE","CONSTELLATION ENERGY","CROWN CASTLE","D R HORTON","DIGITAL REALTY TST.","ESTEE LAUDER COS.'A'","GENERAL MILLS","HESS","L3HARRIS TECHNOLOGIES","METLIFE","MICROCHIP TECH.","NASDAQ","NEWMONT","OLD DOMINION FGT.LINES","PAYCHEX","PUBLIC STORAGE","REALTY INCOME","ROSS STORES","SIMON PROPERTY GROUP","TE CONNECTIVITY","UNITED RENTALS","WW GRAINGER","AGILENT TECHS.","AMER.ELEC.PWR.","AMERIPRISE FINL.","AMETEK","ARCHER DANIELS MIDLAND","CHARTER COMMS.CL.A","COGNIZANT TECH.SLTN.'A'","CONSTELLATION BRANDS 'A'","DEXCOM","DISCOVER FINANCIAL SVS.","DOMINION ENERGY","DOW ORD SHS","ELECTRONIC ARTS","FASTENAL","GARTNER 'A'","GE HEALTHCARE TECHNOLOGIES","HP","IQVIA HOLDINGS","JOHNSON CONTROLS INTL.","KEURIG DR PEPPER","KIMBERLY-CLARK","KROGER","LAS VEGAS SANDS","ONEOK","PG&E","SEMPRA","SYSCO","WILLIAMS","YUM! BRANDS","BIOGEN","CARNIVAL","CORTEVA","CUMMINS","DOLLAR GENERAL","DOLLAR TREE","DUPONT DE NEMOURS","EXELON","FIDELITY NAT.INFO.SVS.","HERSHEY","KENVUE","KINDER MORGAN","LENNAR 'A'","LOEWS","MARTIN MRTA.MATS.","MODERNA","OTIS WORLDWIDE","ROCKWELL AUTOMATION","SMITH (AO)","ULTA BEAUTY","VERISK ANALYTICS CL.A","VULCAN MATERIALS","XYLEM","ARCH CAP.GP.","CARDINAL HEALTH","CDW","CONSOLIDATED EDISON","COSTAR GP.","DARDEN RESTAURANTS","DELTA AIR LINES","DIAMONDBACK ENERGY","EBAY","EQUIFAX","FAIR ISAAC","FEDERAL REALTY INV.TST.","GARMIN","GLOBAL PAYMENTS","HALLIBURTON","HOWMET AEROSPACE","LYONDELLBASELL INDS.CL.A","MONOLITHIC PWR.SYS.","ON SEMICONDUCTOR","PPG INDUSTRIES","PUB.SER.ENTER.GP.","QUANTA SERVICES","ROYAL CARIBBEAN GROUP","VICI PPTYS","WARNER BROS DISCOVERY SERIES A","XCEL ENERGY","ZIMMER BIOMET HDG.","ANSYS","BAKER HUGHES A","CBRE GROUP CLASS A","CF INDUSTRIES HDG.","CORNING","DEVON ENERGY","EDISON INTL.","EVERSOURCE ENERGY","EXTRA SPACE STRG.","FIFTH THIRD BANCORP","FORTIVE","HARTFORD FINL.SVS.GP.","KEYSIGHT TECHNOLOGIES","M&T BANK","MARATHON OIL","METTLER TOLEDO INTL.","RESMED","ROLLINS","STATE STREET","STEEL DYNAMICS","TAKE TWO INTACT.SFTW.","TELEDYNE TECHS.","TRACTOR SUPPLY","WEST PHARM.SVS.","WILLIS TOWERS WATSON","AKAMAI TECHS.","ALEXANDRIA RLST.EQTIES.","ALIGN TECHNOLOGY","AMERICAN WATER WORKS","APTIV","AVALONBAY COMMNS.","AVERY DENNISON","AXON ENTERPRISE","BALL","BAXTER INTL.","BEST BUY","BROADRIDGE FINL.SLTN.","BROWN & BROWN","BROWN-FORMAN 'B'","BUILDERS FIRSTSOURCE","CAMPBELL SOUP","CBOE GLOBAL MARKETS(BTS)","CHURCH & DWIGHT CO.","COOPER COS.","DOMINO'S PIZZA","DOVER","DTE ENERGY","ENPHASE ENERGY","ENTERGY","EPAM SYSTEMS","EQUITY RESD.TST.PROPS. SHBI","EXPEDITORS INTL.OF WASH.","FIRST SOLAR","FIRSTENERGY","FLEETCOR TECHNOLOGIES","GEN DIGITAL","GENUINE PARTS","HUNT JB TRANSPORT SVS.","HUNTINGTON BCSH.","ILLUMINA","INTL.FLAVORS & FRAG.","INVITATION HOMES","IRON MOUNTAIN","JABIL","JACOBS SOLUTIONS","KELLANOVA","LEIDOS HOLDINGS","LIVE NATION ENTM.","MOLINA HEALTHCARE","NORTHERN TRUST","NVR","PTC","PULTEGROUP","RAYMOND JAMES FINL.","REGIONS FINL.NEW","SBA COMMS.","SEAGATE TECHNOLOGY HOLDINGS","SOUTHWEST AIRLINES","STERIS","T ROWE PRICE GROUP","TARGA RESOURCES","VERALTO","VERISIGN","W R BERKLEY","WABTEC","WALGREENS BOOTS ALLIANCE","WEC ENERGY GROUP","WESTERN DIGITAL","WEYERHAEUSER","AES","ALBEMARLE","AMCOR","AMEREN","ATMOS ENERGY","BUNGE GLOBAL","CARMAX","CATALENT","CELANESE","CENTERPOINT EN.","CHAS.RVR.LABS.INTL.","CINCINNATI FINL.","CITIZENS FINANCIAL GROUP","CLOROX","CMS ENERGY","COTERRA ENERGY","DAYFORCE","EASTMAN CHEMICAL","EQT","EVEREST GROUP","EXPEDIA GROUP","FACTSET RESEARCH SYS.","FRANKLIN RESOURCES","HEWLETT PACKARD ENTER.","HNTGTN.INGALLS INDS.","HOLOGIC","HORMEL FOODS","HUBBELL","IDEX","INTERNATIONAL PAPER","INTERPUBLIC GROUP","KEYCORP","LABORATORY CORP.OF AM. HDG.","LKQ","MASCO","MCCORMICK & COMPANY NV.","MGM RESORTS INTL.","NETAPP","NORDSON","OMNICOM GROUP","PACKAGING CORP.OF AM.","PAYCOM SOFTWARE","PPL","PRINCIPAL FINL.GP.","REVVITY","SKYWORKS SOLUTIONS","SYNCHRONY FINANCIAL","TAPESTRY","TERADYNE (XSC)","TEXTRON","TRIMBLE","TYLER TECHNOLOGIES","TYSON FOODS 'A'","UNITED AIRLINES HOLDINGS","VENTAS","VIATRIS","WATERS","ALLEGION","ALLIANT ENERGY (XSC)","AMERICAN AIRLINES GROUP","BATH AND BODY WORKS","BIO-TECHNE","BOSTON PROPERTIES","CAMDEN PROPERTY TST.","COMERICA","CONAGRA BRANDS","DAVITA","ESSEX PROPERTY TST.","EVERGY","F5","FOX A","GLOBE LIFE","HENRY SCHEIN","HOST HOTELS & RESORTS REIT","INCYTE","INSULET","J M SMUCKER","JACK HENRY AND ASSOCIATES","JUNIPER NETWORKS","KIMCO REALTY","LAMB WESTON HOLDINGS","MID-AMER.APT COMMUNITIES","MOLSON COORS BEVERAGE COMPANY B","MOSAIC","NEWS 'A'","NISOURCE","NRG ENERGY","PARAMOUNT GLOBAL B","PENTAIR","POOL","QORVO","QUEST DIAGNOSTICS","RALPH LAUREN CL.A","REGENCY CENTERS","SNAP-ON","STANLEY BLACK & DECKER","TELEFLEX","UDR","UNIVERSAL HEALTH SVS.'B'","V F","WESTROCK","WYNN RESORTS","ZEBRA TECHNOLOGIES 'A'","APA","ASSURANT","BIO-RAD LABORATORIES 'A'","BORGWARNER","CAESARS ENTERTAINMENT","CH ROBINSON WWD.","DENTSPLY SIRONA","ETSY","FMC","GENERAC HOLDINGS","HASBRO","#ERROR","INVESCO","MARKETAXESS HOLDINGS","MATCH GROUP","MOHAWK INDUSTRIES","NORWEGIAN CRUISE LINE HDG.","PINNACLE WEST CAP.","ROBERT HALF","WHIRLPOOL","ZIONS BANCORP.","ALPHABET 'C'","BERKSHIRE HATHAWAY 'B'","FOX B","NEWS 'B'"
"2000","0","0","0","0","NA","NA","NA","1.77","NA","2","0.05","0.48","NA","2.31","NA","1.74","1.45","0.28999999999999998","1.93","0","NA","0","3.46","0","1.33","4.3899999999999997","NA","NA","0.1","NA","1.72","0","1.86","0","0.62","2.25","0.61","0.1","0.52","2.54","NA","0.14000000000000001","1.25","0","3.73","0","2.8","0","1.1299999999999999","NA","0","0","1.88","0.66","NA","2.09","1.24","0.1","1.06","NA","1.71","1.83","1.54","0.51","0","1.56","NA","0.28999999999999998","0.24","0","3.52","0","7.33","1.57","2.35","1.91","5.6","0","2.41","NA","0.44","0.85","0","0.12","0.33","1.3","0.79","2.6","0.69","2.4900000000000002","NA","0","1.71","2.38","0","NA","0","0","0","2.31","NA","NA","NA","0","0","9.39","0","0","NA","0","NA","NA","NA","NA","1.36","NA","2.79","0.14000000000000001","1.18","NA","1.19","5.33","2.27","0.87","2.79","0.92","0.68","2.69","NA","0","4.58","0","NA","1.23","3.65","6.11","1.8","NA","3.55","3.64","0.77","4.76","NA","NA","0","NA","0","NA","NA","0.69","1.66","3.2","0","5.77","6.23","4.6500000000000004","1.05","2.93","0.54","NA","NA","0.28000000000000003","2.79","NA","0","0.22","3.18","0.28000000000000003","0","0","NA","NA","0","0","1.21","0","4.79","3.46","1.21","15.21","0.92","3.38","0","1.97","NA","NA","NA","0","1.33","NA","0.44","3.31","1.1599999999999999","0.65","NA","0","NA","0.53","0","0.74","4.0199999999999996","10.41","1.03","8.64","NA","0","1.62","0","8.7100000000000009","NA","1.3","1.94","NA","0","0","NA","NA","7.15","NA","0","0.18","0","NA","0.48","NA","0.13","NA","2.21","0","NA","5.39","6.02","8.67","1.45","1.34","0","0","1.56","NA","3.54","NA","0","NA","2.65","NA","2.3199999999999998","NA","NA","0.3","2.2400000000000002","1.42","NA","NA","2.27","2.88","NA","NA","2.09","NA","0","0.31","NA","8.0399999999999991","0","0.59","NA","NA","0","1.76","0.16","9.41","NA","NA","1.22","1.43","NA","NA","NA","3.31","7.56","0","1.5","NA","NA","8.44","NA","0","1.68","NA","NA","0.35","0.51","4.1900000000000004","2.08","NA","1.92","NA","3.08","NA","1.35","3.76","0","0","1.24","0.89","0","0","0","0","2.34","NA","0","5.62","NA","NA","NA","6.07","1.84","NA","2.23","2.08","0","NA","1.58","2.63","NA","3.11","NA","1.64","0.3","NA","1.2","7.01","NA","5.89","NA","7.6","0.26","NA","7.89","NA","0","5.01","0","3.96","NA","5.08","NA","0","0","0","4.13","NA","NA","NA","0.96","0","0","0.94","1.5","10.06","0","NA","0.12","0","1.56","NA","NA","0","3.33","0.41","0.53","8.98","0","2.99","0","3.02","NA","8.61","6.91","NA","0","NA","NA","7.34","NA","2.5","NA","1.99","8.6199999999999992","0.98","NA","5.07","3.25","0.95","NA","0.38","0.88","NA","NA","0","2.0699999999999998","5.26","2.17","2.8","0.92","6.54","0","NA","2.64","2.77","2.11","0","2.58","0.74","0","NA","5.25","NA","0.82","0","NA","NA","0","2.2000000000000002","0","0","1.51","NA","0","0.7","0","NA","7.17","NA","1.78","0","5.93","7.89","4.41","4.8600000000000003","0","6.18","13.81","0","NA","1.78","0","9.67","0","NA","3.52","0.56999999999999995","0","7.76","NA","10.31","1.7","2.33","NA","8.39","NA","0","1.79","0","0","0","0","10.17","4.12","3.82","1.77","10.87","0","3.53","NA","NA","0","0.78","NA","0","1.85","NA","0.64","0.97","NA","0","NA","1.56",NA,"NA","NA","NA","0","NA","5.1100000000000003","0","2.5499999999999998","1.58","NA","0","NA","NA"
"2001","0","0","0","0","NA","NA","NA","1.42","NA","2.78","0.05","0.57999999999999996","NA","2.16","NA","1.29","2.04","0.39","1.71","0","NA","0","2.99","0","1.37","4.54","NA","NA","0.18","NA","1.22","0","1.55","0","0.74","1.69","0.69","0.27","0.53","1.94","NA","0.13","1.39","0","3.33","0","3.18","0","1","NA","0","0","1.65","0.74","NA","1.47","1.1499999999999999","0.26","1.45","NA","1.26","1.68","1.1399999999999999","0.52","0","1.63","0","0.25","0.14000000000000001","0","2.54","0","6.41","1.1499999999999999","2.23","1.74","3.43","0","2.1800000000000002","NA","0.28000000000000003","0.55000000000000004","0","0.21","0.41","1.36","0.69","1.41","0.39","1.2","NA","0","1.1599999999999999","2.17","0","NA","0","0","0","1.9","NA","NA","NA","0","0","4.37","0","0","NA","0","NA","NA","NA","0","1.32","NA","2.2999999999999998","0.04","1.05","NA","1.0900000000000001","3.6","1.55","0.57999999999999996","0.66","1.18","0.59","2.19","NA","0","2.66","0","NA","0.8","1.7","4.33","1.57","NA","3.23","2.5299999999999998","0.37","4.25","NA","NA","0","NA","0","NA","NA","0.59","1.23","2.3199999999999998","0","1.36","4.1900000000000004","2.74","0.83","1.9","0.63","NA","NA","1","2.5499999999999998","NA","0","0.18","1.77","0.19","0","0","0","NA","0","0","1.35","0","2.4","2.5299999999999998","0.88","12.19","0.66","1.85","0","1.4","NA","NA","NA","0","0.88","NA","0.52","2.44","0.83","0.81","0","0","NA","0.71","0","0.91","3.41","8.8000000000000007","0.82","7.85","NA","0","2","0","5.05","NA","0.87","1.34","NA","0","0","NA","NA","3.96","NA","0","0.15","0","NA","1.1000000000000001","NA","0.09","NA","1.6","0","NA","5.61","0","4.51","1.04","1.39","0","0","1.3","NA","3.19","NA","0","NA","1.85","NA","1.73","NA","NA","0.14000000000000001","1.1200000000000001","1.23","NA","NA","2.2200000000000002","2.8","NA","NA","2.0699999999999998","NA","0","0.12","NA","6.01","0","0.37","NA","NA","0","1.2","0.13","9.4700000000000006","0","0","1.24","1.64","NA","NA","0","3.28","4.82","0","1.89","NA","NA","5.33","NA","0","1.1499999999999999","NA","NA","0.79","0.34","0","2.04","NA","1.32","NA","1.54","NA","1.48","3.33","0","0","1","0.74","0","0","0","0","2.89","NA","0","4.53","0","NA","NA","5.32","2.27","NA","1.46","1.26","0","NA","0.77","2.06","NA","2.93","NA","1.31","0.2","NA","1.31","5.52","NA","3.21","NA","6.14","0.34","NA","5.36","NA","0","4.24","0","5.25","0","2.89","NA","0","0","0","3.62","NA","NA","NA","0.88","0","0","0.48","1.0900000000000001","6.58","0","NA","0.1","0","1.65","NA","NA","0","1.18","0.28999999999999998","0.32","3.67","0","3.01","0","2.17","NA","6.04","4.88","NA","0","NA","NA","3.61","0","2.25","NA","2.4","4.84","0.6","NA","3.49","2.0299999999999998","0.43","NA","0.39","0.63","NA","NA","0","1.75","4.96","1.8","2.66","1.03","4.42","0","NA","2.2000000000000002","2.0299999999999998","0","0","2.0299999999999998","0.77","0","NA","2.31","NA","0.78","0","NA","0","0","2.4900000000000002","0","0","1.28","NA","10.46","0.71","0","NA","6.12","NA","1.74","0","5.28","6.89","2.74","4.5599999999999996","0","5.51","4.83","0","NA","1.01","0","8.1999999999999993","0","NA","2.4700000000000002","0.52","0","6.8","NA","10.64","1.23","0.59","NA","4.03","NA","0","2.4700000000000002","0","0","0","0","8.31","3.35","2.62","1.63","8.91","0","2.65","NA","NA","0","0.47","NA","0","1.39","NA","0.67","0.73","NA","0","NA","0.93",NA,"NA","NA","NA","0","NA","3.26","0","2.62","1.39","NA","0","NA","NA"
"2002","0","0","0","0","NA","NA","NA","1.6","NA","4.59","0.04","0.45","NA","2.19","NA","1.1599999999999999","1.74","0.4","2.2200000000000002","0","NA","0","3.27","0","1.65","3.7","NA","0","0.13","NA","1.1299999999999999","0","1.3","0","0.86","1.64","0.88","0.26","0.54","2.17","NA","0.12","1.83","0","2.4900000000000002","0","3.17","0","1.25","NA","0","0","1.54","0.86","NA","1.27","1.4","0.27","1.83","NA","0.82","1.43","1.42","0.57999999999999996","0","1.88","0","0.18","0.17","0","2.4300000000000002","0","6.24","1.32","2.63","2.33","4.28","0","2.14","0","0.18","0.47","0","0.32","0.52","1.29","0.84","1.4","0.82","0.77","1.33","0","1.4","1.84","0","NA","0","0","0","1.99","NA","NA","NA","0","0","4.3099999999999996","0","0","NA","0","NA","NA","NA","0","1.19","NA","2.2799999999999998","0.04","1.05","NA","1.27","1.03","1.23","0.63","0.49","1.27","0.56000000000000005","2.06","NA","0","3.04","0","NA","0.71","1.48","5.22","1.35","NA","3.55","2.59","0.46","2.56","NA","NA","0","NA","0","NA","NA","0.54","1.1599999999999999","2.61","0","0.95","3.63","3.45","0.7","1.62","0.52","NA","NA","1.1499999999999999","1.63","0","0","0.23","1.72","0.21","0.15","0","0","NA","0","0","1.18","0","2.4","2.78","0.92","8.4600000000000009","0.93","2.35","0","1.97","NA","0","NA","0","0.59","NA","0.64","2.39","1.67","0.56999999999999995","0.63","0","NA","0","0","1.1499999999999999","4.8499999999999996","7.26","0.51","6.8","NA","0","1.22","0","5.44","NA","0.68","1.45","NA","0","0","NA","NA","4.3600000000000003","NA","0","0.13","0","NA","1.58","NA","0.17","NA","1.88","0","NA","3.32","0","4.41","1.22","5","0","0","1.49","NA","2.85","NA","0","NA","3.48","0","1.7","NA","NA","0.09","1.01","1.32","NA","NA","3.34","2.2599999999999998","NA","NA","1.98","NA","0","0.15","NA","5.37","0","0.19","NA","NA","0","0.27","0.13","7.53","0","0.51","2.96","1.58","NA","NA","0","3.19","5.08","0","2.75","NA","NA","6.2","0","0","1.27","NA","NA","0","0.45","0","2.67","NA","1.41","NA","1.55","NA","1.29","3.26","0","0","0.99","0.86","0","0","0","0","2.62","0","0","4.4000000000000004","0","NA","NA","5.45","2.09","0","0.42","1.05","0","NA","0.54","2.04","NA","2.34","NA","0.96","0.2","NA","1.35","4.88","NA","3.18","NA","6.25","0.35","NA","4.05","NA","0","3.16","0","3.4","0","1.72","NA","0","0","0","2.93","NA","NA","NA","1.25","0","0","0.3","1.1299999999999999","6.07","0","NA","0.09","0","1.58","NA","NA","0","0.95","0","0.37","3.27","0","2.57","0","2.14","NA","6.13","5.29","1.97","0","NA","NA","7.11","0","2.2000000000000002","NA","1.87","6.67","0.77","NA","3.93","1.94","0.36","NA","0.44","0.67","NA","NA","0","1.41","4.0599999999999996","1.56","2.2599999999999998","1.23","4.74","0","NA","1.92","0.86","0","0","2.0499999999999998","0.85","0","NA","4.2699999999999996","0","1.78","0","NA","0","0","2.68","0","0","1.27","NA","7.44","0.52","0","NA","6.77","NA","1.58","0","6.07","6.63","3.18","3.97","0","6.44","7.04","0","NA","0.89","0","0","0","NA","3.8","0.66","0","6.14","NA","9.2100000000000009","1.36","0.56999999999999995","NA","5.43","NA","0","1.82","0","0","0","0","7.21","2.8","1.91","1.36","7.53","0","2.2799999999999998","NA","NA","0","0.75","NA","0","0.98","NA","0.81","0.55000000000000004","NA","0","NA","0.83",NA,"NA","NA","NA","0","NA","3.91","0","1.79","1.51","NA","0","NA","NA"
"2003","0.34","0","0","0","NA","NA","NA","2.37","NA","5.95","0.04","0.63","NA","2.67","NA","1.56","2.0299999999999998","1.04","2.74","0","NA","0","4.34","0","2.2400000000000002","3.73","NA","0","0.19","0","1.57","0","1.65","0","1.78","2.8","1.25","0.48","0.78","2.65","NA","0.15","3.18","0","2.97","0.15","4.42","0","2.04","NA","0","0","1.95","0.97","NA","1.67","2.42","0.52","2.4900000000000002","NA","1.2","1.89","2.5099999999999998","0.71","0","0","0","0.25","0.18","0","3.09","0","5.93","1.7","5.2","4.8","4.22","0","2.4900000000000002","0","0.19","0.75","0","0.56999999999999995","0.56000000000000005","1.45","1.48","2.4500000000000002","0.93","1.05","2.0499999999999998","0","3.07","2.15","0","NA","0","0","0","2.78","NA","NA","NA","0","0","6.57","0","0","1.3","0","NA","NA","NA","0","1.54","NA","2.33","0.05","1.17","NA","1.92","1.48","2.0499999999999998","0.93","0.41","1.81","0.87","2.12","NA","0","8.2100000000000009","0.38","NA","0.92","1.85","4.82","1.74","NA","3.76","3.08","0.39","4.96","NA","NA","0","NA","0","NA","NA","0.81","1.19","3.35","1.18","1.46","3.47","4.32","1.23","2.16","0.84","NA","NA","1.9","1.68","1.33","0","0.39","2.93","0.38","0.18","0","0","NA","0","0","1.83","0.38","3.73","3.57","1.02","9.2100000000000009","0.9","2.89","0","3.35","NA","0","NA","0","1.52","NA","0.7","2.5499999999999998","2.73","1.08","0.81","0.33","0","0.6","0","1.67","5.42","6.76","0.67","6.9","NA","0","1.57","0","10.92","NA","0.75","2.2000000000000002","NA","0","0","NA","NA","4.76","NA","0","0.19","0","NA","2.02","NA","0.34","NA","2.64","0","NA","3.61","0","4.3499999999999996","1.64","1.03","0","0","1.87","NA","4.99","NA","0","NA","3.74","0","2.02","NA","NA","0.09","1.36","2.17","NA","NA","2.9","2.2000000000000002","NA","NA","3.08","NA","0","0.17","NA","5.73","0","0.46","NA","NA","0","0.41","0.16","6.61","0","0.56999999999999995","2.44","2.94","NA","NA","0","3.72","6.22","0","3.77","NA","NA","6.79","0","0","1.5","NA","NA","0","0.41","0","3.9","NA","1.97","NA","2.98","NA","1.51","3.99","0","0","0.96","1.43","0","0","0","0","4.1100000000000003","2.0499999999999998","0","4.79","0","NA","NA","7.64","2.57","0","0.67","2.04","0","NA","0.8","2.1800000000000002","NA","3.04","NA","1.01","0.17","NA","2.12","4.9400000000000004","NA","3.03","NA","7.03","0.35","NA","5.09","NA","0","4","0","3.35","0","1.92","NA","0","0","0","3.37","NA","NA","NA","2.15","0","0","0.32","1.44","4.18","0","0","0.14000000000000001","0","2.64","NA","NA","0","0.88","0.37","0.54","3.44","0","3.2","0","2.3199999999999998","NA","6.49","5.63","1.57","0","NA","NA","10.4","0","2.82","NA","2.11","0","0.66","NA","5.52","1.83","0.67","NA","0.8","0.93","NA","NA","0","1.99","4.25","2.0099999999999998","2.84","0","5.14","0","NA","3.08","1.9","0","0","2.4700000000000002","1.53","0","NA","4.3600000000000003","0.91","3.42","0","NA","0","0","3.6","0","0","1.76","NA","8.11","0.47","0","NA","6.28","NA","3.37","0","6.55","7.95","4.8899999999999997","4.32","0","6.13","6.2","0","NA","0.99","0","0","0","NA","2.2799999999999998","1.23","0","6.38","NA","9.9499999999999993","1.72","0.89","NA","6.82","NA","0","2.31","0","0","0","0","6.45","4.04","3.85","1.93","7.06","0","2.94","NA","0","0","0.61","NA","0","1.42","NA","1.03","0.53","NA","0","NA","0.99",NA,"NA","NA","NA","0","NA","5.54","0","2.8","1.97","NA","0","NA","NA"
"2004","0.6","0","0","0","NA","NA","NA","1.93","NA","3.27","0.05","0.6","NA","2.35","NA","1.79","1.75","0.76","3.05","0","NA","0","3.23","0","2.02","3.9","NA","0","0.13","0","1.23","0","1.64","0","1.41","2.4","0.78","0.54","0.66","3.12","NA","0.11","2.44","0","1.93","0.45","3.98","0","1.84","NA","0","0","1.54","0.75","NA","1.92","3.17","0.27","1.65","NA","1.0900000000000001","1.34","1.55","0.93","1.66","2.12","0","0.21","0.16","0","2.44","0","4.59","1.52","5.15","3.97","3.74","0","0.9","0","0.12","0.59","0","0.45","0.61","1.6","1.32","1.7","0.7","1.9","2.1","0","2.36","1.71","0","NA","0.31","0","0","2.57","NA","NA","NA","0","0","4.68","0","0","1.1000000000000001","0","NA","NA","NA","0","1.2","NA","1.94","2.64","1.21","NA","1.71","1.3","1.4","0.67","0.45","1.1299999999999999","0.63","1.83","NA","0","4.97","0.35","NA","0.86","1.57","4.5999999999999996","1.1299999999999999","NA","3.3","2.27","0.53","2.86","NA","NA","0","NA","0","NA","NA","0.67","1.1499999999999999","2.5299999999999998","1.81","1.46","2.37","3.42","0.78","1.87","0.41","NA","NA","0.85","0.72","1.07","0.9","0.35","2.98","0.15","0.17","0","0","NA","0","0","1.28","0.61","2.73","3.45","0.79","6.11","0.93","2.48","0","2.2999999999999998","NA","0","NA","0","0.56999999999999995","NA","0.69","2.33","1.81","0.84","0.65","0.46","0","0.46","0","1.49","3.75","5.47","0.52","4.75","NA","0","1.56","0","4","NA","0.48","1.73","NA","0","0","NA","NA","4.08","NA","0","0.61","0","NA","1.39","NA","0.17","NA","2.46","0","NA","3.34","0","3.09","1.28","0.42","0","0","1.1000000000000001","NA","2.34","NA","0","NA","3.27","0.57999999999999996","1.88","NA","NA","1.92","0.97","1.47","NA","NA","2.17","1.9","NA","NA","2.17","NA","0","0.18","NA","5.08","0","0.33","NA","NA","0","0.3","0.13","4.5999999999999996","1.08","0.37","1.54","1.56","NA","NA","0","2.96","4.6500000000000004","0","1.1599999999999999","NA","NA","4.18","0","0","1.2","NA","NA","0","0.69","3.38","3.12","NA","2.0699999999999998","NA","1.72","NA","1.66","2.77","0","0","0.99","1.1200000000000001","0","0","0","0","2.29","1.66","0","3.75","0","NA","NA","5.47","2.3199999999999998","0","0.92","1.98","0.74","NA","0.75","1.7","NA","2.2000000000000002","NA","0.76","0.13","NA","1.49","5.0999999999999996","NA","3.03","NA","5.73","0.42","NA","3.88","NA","0","3.43","0","3.01","0","1.72","NA","0","0","0","2.54","NA","NA","0","1.53","0","0","0.36","0.73","3.61","0","0.98","0.13","0","1.42","NA","NA","0","0.67","0.25","0.48","2.58","0","2.41","0","2.0099999999999998","NA","5.3","4.57","1.1000000000000001","0","NA","NA","3.75","0","2.4500000000000002","NA","2.2000000000000002","0","0.52","NA","4.13","2.75","0.46","NA","0.65","0.59","NA","NA","0","1.58","3.22","1.3","2.25","0","3.81","0","0","2.25","1.75","0","0","1.65","1.1100000000000001","2.5099999999999998","NA","3.53","1.24","1.3","0","NA","0","0","2.2999999999999998","0","0","0.96","NA","4.83","0.51","0","NA","3.87","NA","2.4300000000000002","0","4.8899999999999997","5.75","3.63","3.81","0","4.95","3.89","0","NA","0.84","0","0","0","NA","1.78","0.86","0","4.8099999999999996","NA","6.42","1.2","0.68","NA","4.21","0","0.62","1.53","0","0","0.73","0.59","4.95","3.12","2.66","1.55","5.95","0.71","2.2799999999999998","NA","0","0","0.54","0","0","1.08","NA","1.19","0.47","NA","0","NA","0.54",NA,"NA","NA","NA","0","NA","4.58","0","2.33","2.0499999999999998","NA","0","NA","NA"
"2005","1.27","0","0","0","NA","0","NA","2.69","NA","3.67","0.03","1","NA","1.74","NA","1.71","1.87","1","4.7300000000000004","0.86","NA","0","2.63","0","2.59","3.82","0","0","0.08","0","1.7","0","1.59","0","1.65","2.39","0.84","1.3","0.77","3.21","NA","0.11","2.5","0","1.68","0.77","4.25","0","2.86","NA","0","0","1.43","0.88","NA","1.89","3.68","0.37","1.9","NA","1.1399999999999999","1.18","1.84","0.91","1.5","2.19","0","0.27","0.18","0","1.84","0","4.47","1.76","5.3","4.43","3.53","0","1.75","0","0.14000000000000001","0.73","0","0.75","0.64","1.7","1.44","1.87","0.56999999999999995","1.68","2.4500000000000002","0","0.11","1.75","0","NA","0.63","0","0","2.06","NA","NA","NA","0.96","0","4.42","0","0","0.84","0","NA","NA","NA","0","1.23","NA","1.83","2.69","1.2","NA","2.19","0.96","1.37","0.53","0.26","1.1299999999999999","0.62","1.99","NA","0.28999999999999998","4.04","0.28999999999999998","NA","0.63","1.71","4.41","1.18","NA","4.01","2.4500000000000002","0.18","3.16","NA","NA","0","NA","0","NA","NA","0.73","1.1000000000000001","2.5099999999999998","2.42","1.21","1.79","3.76","0.65","1.83","0.1","NA","NA","1.02","1.05","1.0900000000000001","1.5","0.75","3.74","0.14000000000000001","0.16","0","0","NA","0","0","1","0.48","2.29","3.54","0.47","6.96","1.1599999999999999","2.38","0","2.63","NA","0","NA","0","0.81","6.84","0.91","2.35","1.22","0.7","1.1200000000000001","0.98","0","0.91","0","1.63","3.24","5.54","0.71","4.5","NA","0","1.27","0","4.1500000000000004","NA","0.62","1.39","NA","0","0","NA","NA","3.74","NA","0","1.08","0","NA","1.54","NA","1.18","NA","2.71","0","0","3.37","3.37","2.87","1.73","1.0900000000000001","0.81","0","1.1000000000000001","NA","1.6","NA","0","NA","3.55","0.56999999999999995","1.38","NA","NA","0.9","0.82","1.39","NA","NA","1.0900000000000001","2.37","NA","NA","2.02","NA","0","0.2","NA","5.33","0","0.28999999999999998","NA","NA","0","0.39","0.23","4","0.97","0.28000000000000003","1.17","1.9","NA","0","0","2.48","4.1500000000000004","0","1.1100000000000001","NA","NA","4.63","0","0","1.01","0","NA","0","0.44","3.08","3.46","6.5","3.12","NA","1.59","NA","1.58","2.39","0","0","1.1499999999999999","1.53","0.92","0","0","0","1.72","1.92","0","3.86","0","NA","NA","4.07","2.52","0","0.91","1.64","0.81","NA","0.69","1.89","NA","2.41","NA","0.67","7.0000000000000007E-2","2.3199999999999998","1.63","4.58","NA","3.1","NA","5.23","0.4","NA","3.97","NA","0","2.87","1.02","3.46","0","1.68","NA","0","0","0","2.2799999999999998","NA","NA","0","1.93","0","0","0.26","1.03","4.1399999999999997","0","1.33","0.13","0","1.47","NA","NA","0","0.53","0.21","0.48","2.52","0","2.37","0","1.56","NA","4.92","4.47","0.96","0","NA","0","3.32","0","2.68","NA","1.85","0","0.28999999999999998","NA","3.02","2.56","0.51","NA","0.4","0.55000000000000004","NA","NA","0","1.63","2.44","1.2","2.62","0","3.91","0","0","2.09","1.69","0","0","1.59","1","4.0199999999999996","NA","3.37","1.41","1.26","0","NA","0","0","1.79","0","0","0.91","NA","5.37","0.67","0","NA","3.93","NA","2.46","0","4.29","3.61","3.83","3.89","0","4.38","4.01","0","NA","0.83","0","1.21","0","NA","2.02","0.9","0","4.5199999999999996","NA","6.19","1.87","0","NA","4.05","0","0.8","1.26","0.82","0","0.73","0.5","4.3099999999999996","3.02","2.42","1.74","5.23","0.67","1.79","NA","0","0","0.52","0.8","0","1.04","NA","1.0900000000000001","0.44","NA","0","NA","1.71",NA,"NA","0","NA","0","NA","4.49","0.96","2.68","2.16","NA","0","NA","NA"
"2006","1.33","0","0","0","NA","0","NA","2.86","NA","3.27","0.05","1.33","NA","2.12","NA","2.29","1.86","1.41","4.3499999999999996","0.88","NA","0","3.14","0","2.93","4.3899999999999997","0","0.92","0","0","1.76","0","1.82","0","1.92","2.68","0.96","1.92","1","3.22","NA","0.13","3.05","0","1.34","0.75","4.74","0","3.66","NA","0","0.64","1.34","0.89","NA","1.34","4.21","0.37","1.8","NA","1.44","1.1399999999999999","1.64","0.7","1.18","2.2000000000000002","0","0.35","0.24","0","2.33","0","3.42","1.5","4.7300000000000004","4.92","3.6","0","2.2000000000000002","0","0.11","0.98","0","0.61","0.72","2.02","1.6","1.65","0.53","1.64","3.1","0","0.08","2.02","0","NA","1.22","0","0","2.2000000000000002","NA","NA","NA","0.89","0","4.4400000000000004","0","0","0.57999999999999996","0","NA","0","NA","0","1.49","NA","2.2000000000000002","2.61","1.32","0","2.12","0.92","1.29","0.61","0.41","0.85","0.73","2.5","NA","0.23","4.38","0.28999999999999998","NA","0.44","1.61","4.37","1.53","NA","4.25","1.48","0.35","5.03","NA","NA","0","NA","0","NA","NA","0.85","1.1100000000000001","2.12","2.4","1.23","1.55","2.82","0.51","1.99","0","NA","NA","0.72","1.41","1.03","1.43","0.91","4.0599999999999996","0.12","0.22","0","0","NA","0","0","0.91","0.56999999999999995","2.15","3.83","0.44","6.85","1.1299999999999999","2.56","0","2.4300000000000002","NA","0","NA","0","1.18","3.81","1.07","2.77","0.85","0.7","1.05","2.11","0","0.76","0","1.59","2.56","6.03","0.84","3.64","NA","0","1.27","0","4.05","0.96","0.54","1.28","NA","0","0","0","NA","3.7","NA","0","0.88","0","NA","0.94","NA","1.55","NA","3.29","0","0","3.64","3.43","2.5","2.27","1.37","0.82","0","1.92","NA","1.1000000000000001","NA","0","NA","2.83","0.5","1.91","NA","NA","1.08","0.64","0.93","NA","NA","1.31","1.36","NA","NA","1.85","NA","0","0.33","NA","5.04","0","0.96","NA","NA","0","0.43","0.18","3.18","0.72","0.15","0.86","2.0299999999999998","NA","0","0","3.03","3.26","0","1.34","NA","0","4.66","0","0","0.76","0","0.45","0","0.76","2.44","3.58","5.9","3.9","NA","1.92","NA","1.59","1.82","0","0","1.26","1.22","0.84","0","0","0","1.46","2.5099999999999998","0","3.15","0","NA","NA","3.03","2.57","0","0.94","1.53","0.59","NA","0.62","1.47","0","2.3199999999999998","NA","0.69","0.11","1.83","1.41","4.78","NA","3","NA","3.94","0.38","NA","3.53","NA","0","3.02","1.34","4.17","0","2.13","NA","0","0","0","2.5","NA","0","0","1.73","0","0","0.41","1.0900000000000001","4.01","0","1.17","0.11","0.63","1.45","NA","NA","0","0.34","0.12","0.57999999999999996","2.25","0","2.95","0","1.51","NA","5.04","4.79","1.07","0","NA","0.75","4.5999999999999996","0","3.02","NA","1.89","0","0.34","NA","3.49","2.31","0.49","0","0.5","0.46","NA","NA","0","1.64","2.82","1.02","3.04","0","3.74","0","0","2.56","2.2000000000000002","0","0","1.33","1.24","4.3099999999999996","NA","3.48","1.33","1.1599999999999999","0","NA","0","0","1.76","0","0","1.1599999999999999","0","5.12","1.03","0","NA","3.48","NA","2.52","0","3.21","3.9","4.13","5.1100000000000003","0","3.36","4.5999999999999996","0","NA","0.8","0","2.46","0","NA","2.69","0.99","0","3.64","NA","4.38","2.0499999999999998","0","NA","4.5","0","2.6","1.36","0.82","0","0.75","0.34","3.66","2.79","2.31","1.54","4.47","0.63","2.11","NA","0","0","0.59","0.7","0","1.1200000000000001","NA","1.1399999999999999","0.49","NA","1.1599999999999999","NA","2.34",NA,"NA","0","NA","0","NA","4.91","0.86","1.91","1.72","NA","0","NA","NA"
"2007","1.42","0","0","0","NA","0","NA","3.25","NA","2.76","0.06","1.4","NA","1.8","0.56000000000000005","2.4","1.95","2.2799999999999998","3.46","0.93","NA","0","3.08","0","2.92","4.45","0","0.99","0","0","1.89","0","1.96","0","2.27","2.42","0.9","2.2999999999999998","1.3","3.23","NA","0.11","3.2","0","1.88","1.2","4.37","0","4.63","NA","0","1.08","1.27","1.06","NA","1.42","4.2300000000000004","0.52","1.44","NA","1.41","1.25","1.59","0.7","1.69","2.16","0","0.62","0.36","0","2.4900000000000002","0","3.42","1.63","3.87","4.2","2.76","0","2.12","0","0.15","1.02","0","1.0900000000000001","0.88","2.4","1.85","1.79","0.62","1.43","3.09","0","7.0000000000000007E-2","1.63","0","NA","1.99","0","0","2.59","NA","NA","NA","0.94","0","4.08","0","0","0.63","0","NA","0","NA","0","1.63","NA","1.92","2.84","1.29","0","1.91","1.3","1.2","0.52","0.48","1.1000000000000001","0.79","2.61","NA","0.19","4.24","0.32","NA","0.43","2.0499999999999998","4.32","1.67","0","4.5","1.6","0.54","2.57","NA","NA","0","NA","0","NA","NA","0.98","1.1000000000000001","2.44","2.2200000000000002","1.87","1.89","3.01","0.49","1.84","0","NA","NA","1.06","1.1499999999999999","1.05","1.02","0.98","4.4000000000000004","0.14000000000000001","0.38","0","0","NA","0","0","0.72","0.67","2.0299999999999998","3.99","0.83","5.71","1.57","2.54","0","2.17","NA","0","NA","0","2.34","2.93","1.07","2.64","0.75","0.91","0.93","3","0","0.9","0","2.1","1.99","5.53","0.92","3","NA","0","1.51","0","3.43","0.76","0.7","1.34","NA","0","0","0","NA","3.32","NA","0","1.19","0","NA","0.82","NA","1.3","NA","3.11","1.02","0","3.23","2.83","2.06","2.3199999999999998","1.34","2.1","0","2.39","NA","1.06","NA","0","NA","2.67","0.43","2.04","NA","NA","1.3","0.57999999999999996","0.88","NA","NA","1.87","1.77","NA","NA","1.56","NA","0","0.51","NA","4.7699999999999996","0","1.1399999999999999","NA","NA","0","0.41","0.2","2.56","0.46","0.21","0.96","2.0499999999999998","NA","0","0","3.03","3.12","0","1.51","NA","0","3.78","0","0","0.8","0","0.21","0","0.69","2.44","2.58","4.83","3.99","NA","2.12","NA","2.0099999999999998","1.76","0","0","1.29","1.28","1.06","0","0","0","1.1399999999999999","2.4","0","2.81","0","NA","NA","2.54","2.42","0","0.87","1.35","0.85","NA","0.86","1.86","0","1.98","NA","0.59","0.13","0","1.54","4.53","NA","2.19","NA","3.71","0.48","0","3.19","NA","0","3.01","1.36","4.62","0","1.79","NA","0","1.06","0","2.34","0","0","0","1.66","0","0","0.53","1.33","4.04","0","1.41","0.12","0.77","1.47","NA","NA","0","0.49","0.12","0.69","2.0499999999999998","0","2.79","0","0.88","NA","4.8499999999999996","4.08","0.79","0","NA","0.56999999999999995","3.81","0","3.27","NA","1.95","1.1499999999999999","0.24","NA","2.98","2.06","1.98","0","0.4","0.52","NA","NA","0","1.63","2.73","1.17","2.79","0","3.88","0","0","2.99","2.11","0","0","1.45","0.97","4","NA","3.17","1.32","1.19","0","NA","0","0","1.69","0","0","0.89","0","4.2","1.18","0","NA","3","NA","2.23","0","2.29","3.71","4.26","2.86","0","2.73","4.05","0","NA","0.81","0","3.1","0","NA","2.21","1.1100000000000001","0","2.89","NA","4.4000000000000004","1.53","0","NA","3.86","0","2.94","1.9","1.2","0","0.78","0.24","3.09","2.1800000000000002","2.16","1.69","3.88","0.56000000000000005","2.76","NA","0","0","0.88","0.75","0","0.92","NA","1.41","0.51","NA","0.98","NA","2.21",NA,"NA","0","NA","0","NA","4.4000000000000004","1.04","1.95","1.84","NA","0","NA","NA"
"2008","1.63","0","0","0","NA","0","NA","3.75","NA","3.82","0.06","1.76","NA","1.6","0.32","2.67","2.11","3.32","3.45","0.93","NA","0","2.66","0","2.58","6.53","0","1.2","0","0","2.14","0","1.85","0","2.82","2.71","1.08","2.5499999999999998","1.4","4.3","0","0.16","3.71","0","1.97","1.36","4.74","1.25","5.75","NA","0","1.27","2.16","1.71","NA","1.42","5.54","1.34","2.6","NA","1.53","1.3","1.98","0.85","1.62","1.88","0","1.32","0.51","0","2.25","0","4.1399999999999997","1.84","4.5599999999999996","5.54","2.9","0","2.44","0","0.81","1.1000000000000001","0","1.04","1.01","2.5499999999999998","2.88","1.96","0.6","1.62","3.46","0","0.09","1.1399999999999999","0","NA","2.68","0","0","3.17","NA","1.85","NA","1.44","0","4.1100000000000003","0","0","0.89","0","NA","0","NA","0","2.2799999999999998","0","2.67","3.26","1.26","0","2.08","1.23","1.42","0.88","1.07","0.97","1.06","2.5499999999999998","NA","0.16","4.97","0.45","NA","0.41","1.79","4.6500000000000004","1.69","0","5.32","1.45","0.39","0","0","NA","0","NA","0","NA","NA","1.59","1.1100000000000001","2.31","1.69","2.16","1.28","4.2","0.51","1.64","0","NA","NA","2.04","1.65","1.6","2.2200000000000002","1.71","5.42","3.34","0.72","0","0","NA","0","0","1.94","0.62","2.4900000000000002","6.01","0.83","6.36","1.55","3.43","0","2.17","NA","0","NA","0","4.42","3.39","1.27","2.76","0.43","1.24","1.28","4.08","0","0.76","0","3.83","2.66","7.05","1.35","4.24","1.7","0","1.88","0","3.98","1.19","0.55000000000000004","1.1399999999999999","NA","0","0","0","1.6","3.93","NA","0","1.23","0","NA","0.67","NA","1.47","NA","3.54","1.21","0","3.21","4.12","2.4300000000000002","3.12","1.1000000000000001","1.73","0","4.05","NA","0.98","NA","0","NA","2.58","0.49","3.21","NA","NA","3.83","0.6","1.32","NA","NA","2.13","1.95","0","NA","2.75","NA","0","0.81","NA","5.71","0","2.31","0","NA","0","0.46","0.35","3.41","1.32","0.2","0.93","1.77","NA","0","0","3.32","2.91","0","1.72","NA","0","4.62","0","0","0.77","0","0.33","0.86","0.54","2.44","3.15","6.57","7.68","NA","3.07","NA","3.49","1.78","0","0","1.41","1.18","0.66","0","0","0","1.38","3.11","0","3.4","0","NA","NA","3.84","3.21","0","0.89","1.47","1.2","1.21","1.56","2.09","0","2.75","NA","0.6","0.18","0","1.9","5.27","NA","2.84","NA","4.93","0.69","0","3.27","NA","0","3.76","1.42","8.52","0","2.13","NA","0","2.2200000000000002","0","2.4500000000000002","0","0","0","1.64","0","0","1.27","1.95","7.38","0","1.83","0.15","0.99","1.92","NA","NA","0","0.71","0.12","1.04","2.4500000000000002","0","3.85","0","1.28","NA","6.08","4.99","0.61","0","NA","0.4","5.03","0","4.22","NA","2.75","2.52","0.24","NA","2.65","1.42","2.02","0","0.92","0.85","NA","NA","0","1.79","2.79","1.59","3.14","0","6.94","0","0","4.8600000000000003","2.5099999999999998","0","0","1.4","1.34","5.28","NA","2.92","1.65","1.1399999999999999","0","NA","0","0","1.67","0","0","1.07","0","4.83","0","0","NA","4","NA","3.92","0","3.12","5.72","7.36","3.43","0","3.83","5.0599999999999996","0","NA","0.93","0","4.75","0","0","2.2999999999999998","1.29","0","4.72","NA","4.99","1.21","0","NA","5.25","0","4.3600000000000003","2.1","2.4500000000000002","0","0.84","0.32","4.84","2.41","2.5499999999999998","2.2799999999999998","5.75","0.59","3.05","NA","0","0","0.52","0.77","0","1.03","NA","1.71","0.46","NA","0.73","NA","3.08",NA,"0","0","NA","0","NA","5.87","1.65","1.96","3.73","NA","0","NA","NA"
"2009","3.29","0","0","0","NA","0","NA","7.06","NA","0.95","0.17","1.98","0.78","2.46","0.4","3.84","3.41","4.5199999999999996","6.48","1.57","NA","0","4.51","0","4.13","1.1000000000000001","0","1.8","0","0","3.63","0","2.97","0","3.86","3.4","2.1800000000000002","4.55","2.25","12.55","0","0.25","16.32","0","7.58","1.95","6.69","2.14","10.98","NA","0","2.71","5.01","6.51","NA","3.02","3.33","3.2","6.02","6.6","2.52","3.18","5.69","1.62","3.38","4.8499999999999996","0","2.31","1.22","0","5.35","0","10.55","3.93","7.12","6.99","4.25","0","5.98","0","0","2","0","2","2.76","4.62","4","2.9","1.2","3.8","5.24","0","0.28999999999999998","4.51","0","NA","4.46","0","0","4.51","NA","25.16","NA","3.69","0","8.49","0","0","2.65","0","NA","0","NA","0","4.71","0","3.14","4.49","2.0699999999999998","0","3.03","3.85","3.41","2.64","2.42","2.34","2.34","4.76","NA","0.25","7.12","1.0900000000000001","NA","1.21","4.51","5.64","5.54","0","12.98","1.62","1.27","0","0","NA","0","NA","0","NA","NA","2.39","1.8","5.23","0","4.5999999999999996","2.62","10.11","0.87","4","0","NA","NA","5.92","3.14","3.93","4.0599999999999996","0","8.2200000000000006","14.85","1.31","0","0","NA","0","0","4.55","2.52","3.36","12.03","3.53","9.43","7","4.9000000000000004","0","4.49","NA","0","NA","0","1.86","4.9000000000000004","2.61","3.29","0.77","2.4","4.4800000000000004","7.59","0","1.06","0","5.99","4.37","10.08","1.51","1.2","7.15","0","2.5","0","6.08","4.54","0.97","2.2200000000000002","NA","0","0","0","4.67","6.1","NA","0","2.4500000000000002","0","NA","1.1399999999999999","NA","4.1399999999999997","0","5.23","1.77","0","7.82","4.42","3.95","4.6100000000000003","4.4000000000000004","3.04","0","8.7899999999999991","NA","3.79","NA","0","NA","4.5199999999999996","1.18","3.55","NA","NA","2.42","1.32","2.12","NA","NA","6.19","3.16","0","NA","4.82","NA","0","1.81","NA","6.7","0","3.11","0","NA","0","0.78","0.76","6.7","4.63","0.28000000000000003","2.44","12.39","NA","0","0","7.06","5.0199999999999996","0","0","NA","0","5.54","0","0","2.2400000000000002","0","0.68","2.11","1.63","4.88","4.51","17.36","2.2599999999999998","NA","3.91","NA","8.01","4.59","0","0","1.81","0.18","5.35","0","0","0","2.02","4.96","0","8.84","0","4.49","NA","8.9","8.76","0","1.03","2.0299999999999998","2.09","1.85","1.82","2.69","0","3.78","NA","0.76","0.31","0","4.29","8.36","NA","4.59","NA","11.54","1.28","0","5.43","NA","0","5.93","2.33","3.12","0","3.94","NA","0","7.33","0","3.58","0","0","0","2.06","0","0","1.87","3.26","11.2","0","10.6","0.33","1.54","4.6100000000000003","NA","NA","0","1.18","0.16","1.94","3.5","0","4.55","0","2.73","NA","6.94","6.26","1.78","0","NA","2.0699999999999998","7.88","0","7.73","NA","3.89","4.55","0.66","NA","9.2100000000000009","3.17","3.05","0","1.92","1.95","NA","NA","0","2.42","5.7","2.7","1.95","0","3.76","0","0","19.3","3.09","0","0","3.22","2.65","6.01","NA","5.17","6.16","2.35","0","NA","0","0","1.81","0","0","1.94","0","10.09","0","0","NA","6.73","NA","8.4499999999999993","2.13","8.0399999999999991","15.95","1.37","5.09","0","8.1199999999999992","7.37","0","NA","2.88","0","0","0","0","3.55","2.2000000000000002","0","21.89","NA","10.19","2.2599999999999998","0.53","NA","11.07","0","5.01","3.69","3.98","0","0.89","0.61","12.1","5.37","5.14","2.95","18.079999999999998","0.95","4.7699999999999996","NA","0","0","1.1499999999999999","2.99","0","2.96","NA","2.42","0.9","NA","1.37","NA","3.55",NA,"4.72","0","NA","0","NA","8.42","3.3","7.84","1.79","NA","0","NA","NA"
"2010","1.79","0","0","0","NA","0","NA","5.71","0","0.48","0.09","2.02","0.57999999999999996","2.57","0.26","3.09","2.77","3.01","4.08","1.17","NA","0.81","3.69","0","3.3","2.87","0","1.87","0","0","2.84","0","2.37","0","3.44","3.24","1.1100000000000001","3.02","1.71","0.73","0","0.21","2.52","0","2.9","1.91","6.55","2.25","4.0599999999999996","NA","0","1.92","2.74","1.89","NA","1.6","0","1.95","0.71","4.74","1.58","1.62","2.62","0.89","1.83","2.98","0","1.5","1.1100000000000001","0","4.09","0","4.58","2.44","6.72","5.25","4.22","0","2.86","0","0.93","1.1499999999999999","0","1.32","1.87","3.19","3.24","2.46","1.02","3.2","4.04","0","0.12","1.92","0","NA","2.68","0","0","3.43","NA","8.5","NA","1.99","0","6.91","0","0","1.53","0","NA","0","NA","0","2.69","0","2.2599999999999998","3.78","1.87","0","2.5299999999999998","1.99","2.06","0.59","1.55","1.37","1.3","2.61","NA","0.14000000000000001","5.82","0.51","NA","0.79","2.73","5.46","0.86","0","0.82","1.46","0.66","0","0","NA","0","NA","0","NA","NA","1.91","1.46","2.83","0.78","2.58","1.63","0.74","0.68","2.83","0","0","NA","0","1","1.31","2.63","0","5.33","0.54","1.1399999999999999","0","0","NA","0","0","3.4","0.17","2.4900000000000002","2.16","1.1299999999999999","6.37","2.2400000000000002","2.5299999999999998","0","1.27","NA","0","NA","0","1.19","3.66","0.88","2.71","0.67","1.95","2.0299999999999998","4.96","0","0.8","0","4.09","3.07","6.13","1.3","3.06","2.4300000000000002","0","1.77","0","4.83","1.69","0.61","2.02","0","0","0","0","0.59","4.78","NA","0","1.78","0","NA","0.62","NA","2.37","1.92","4.3499999999999996","1.7","0","3.89","4.33","3.16","3.45","1.99","2.48","0","1.1100000000000001","NA","1.19","0","0","NA","4.8099999999999996","0.87","3.21","NA","NA","0.96","0.68","2.0499999999999998","NA","NA","2.1","1.7","0","0","2.33","NA","0","2","NA","5.51","0","2.4300000000000002","0","NA","0","0.49","0.34","3.79","2.31","0.18","1.17","0.9","NA","0","0","3.46","4.5","0","0","NA","0","4.66","0","0","1.24","0","0.37","1.1299999999999999","0.92","3.78","3.93","3.53","0.33","NA","0.81","NA","3.6","3.29","0","0","1.67","0.09","1.8","0","0","0.98","1.59","3.45","0","2.99","0","3.98","NA","4.3899999999999997","2.5099999999999998","0","0.73","2.0299999999999998","1.52","2.62","1.84","2.25","0","3.3","NA","0.83","0.15","0","2.27","4.78","NA","3.86","NA","3.74","1.05","0","5.63","NA","0","4.0199999999999996","1.37","0.83","0","2.36","NA","0.96","1.8","0","2.88","0","0","0","2.1","0","0","0","1.67","0.6","0","0","0.14000000000000001","1.37","2.11","NA","NA","0","0.93","0.1","1.55","3.24","0","0.48","0","1.42","NA","6.15","4.8","1.39","0","NA","0.5","5.74","0","5.77","NA","3.25","3.9","0.28999999999999998","NA","2.93","1.96","2.25","1.21","1.18","0.86","NA","NA","0","2.0299999999999998","3.01","1.52","0.41","0","0.56999999999999995","0","0","2.15","2.79","0","0","1.1299999999999999","2.12","2.46","NA","4.84","2.16","1.2","0","NA","0.81","0","0.4","0","0","0.93","0","4.8099999999999996","0","0","NA","4.91","NA","2.66","1.61","2.93","4.4400000000000004","0.56000000000000005","3.24","0","4.7699999999999996","5.78","0","NA","1.28","0","0","0","0","2.35","1.65","0","4.57","NA","4.71","2.34","0.34","NA","6.06","0","1.49","2.21","2.57","0","0.7","0.5","5.24","2.8","2.2400000000000002","0.55000000000000004","4.29","0.63","3.08","NA","0","0","0.56999999999999995","0.49","0","0","NA","1.87","0.6","NA","0.87","0","2.77",NA,"0.51","0.47","NA","0","NA","1.43","0.45","0.5","0.05","NA","0","NA","NA"
"2011","2.4500000000000002","0","0","0","NA","0","0","5.72","0.87","0.44","1.18","2.3199999999999998","0.83","2.08","0.25","3.56","3.07","2.72","4.68","1.1100000000000001","NA","0.63","2.8","0","2.9","0.28999999999999998","0","1.76","0","0","3.04","0","2.0499999999999998","0","3.26","4.04","0.93","3.39","1.63","0.63","0","0.16","2.77","0","1.76","1.31","5.41","1.78","4.18","NA","0","1.73","2.66","1.67","NA","1.64","0","1.49","0.69","4.1100000000000003","1.41","1.47","2.4","0.87","2.73","2.36","0","1.73","1.1499999999999999","0","3.39","0","3.19","2.0699999999999998","6.13","5.16","4.0599999999999996","1.61","2.54","1.52","1.94","1.21","0","1.29","2.2799999999999998","2.87","2.92","2.11","1.17","3.79","3.68","0","0.1","1.57","0","NA","2.25","0","0","2.78","NA","3.54","NA","2.09","0","6.05","0","0","1.83","0","NA","0","NA","0","2.54","0","1.82","3.7","2.0699999999999998","0","2.79","1.43","2.2400000000000002","0.92","1.47","1.0900000000000001","1.91","2.4300000000000002","NA","0.11","5.48","0.55000000000000004","0","0.91","2.85","4.83","0.63","0","0.74","1.1599999999999999","0.59","0","0","NA","0","0","0","NA","NA","1.77","1.44","2.37","1.1599999999999999","2.4700000000000002","1.84","0.66","0.53","2.1800000000000002","0","0","NA","0","0.98","1.77","2.76","0","4.26","0.41","1.07","0","0","NA","0","0","3.11","0.08","2.4300000000000002","2.2200000000000002","0.74","5.62","2.09","2.67","0","1.19","NA","0","NA","0","1.31","4.66","0.82","3.04","0.47","2.1800000000000002","1.61","3.79","0","1.07","0","3.77","2.91","4.92","1.23","2.99","1.78","0","1.64","0","5.21","1.1499999999999999","0.57999999999999996","1.75","0","0","0","0","0.38","4.32","NA","0","1.65","0","NA","0.75","NA","2.12","2.74","4.28","1.85","0","3.28","3.92","3.62","3.75","1.67","2.0099999999999998","0","2.5","NA","1.05","0","0","NA","5.1100000000000003","0.62","2.64","NA","0","0.81","0.59","1.86","NA","NA","1.64","1.41","0","0","2.29","NA","0","1.89","NA","4.84","0","2.73","0","NA","0","1.8","0.28999999999999998","3.26","4.5199999999999996","0.17","0.78","0.74","0","0","0","2.5099999999999998","4.29","0","0","NA","0","4.3099999999999996","1.31","0","0.87","0","0.28999999999999998","0.91","0.72","3.44","3.25","2.91","0.28999999999999998","NA","1.38","NA","3.25","1.97","0","0","1.45","0.09","1.68","0","0","0.55000000000000004","1.68","2.69","0","1.93","0","3.2","NA","3.05","2.5099999999999998","0","0.39","2.38","1.85","2.63","1.24","1.88","0","3.46","1.44","1.82","0.1","0","1.73","4.8","NA","4.68","NA","2.52","0.85","0","5.86","0","0","3.45","1.28","0.61","0","1.92","NA","2.94","1.33","0","3.06","0","0","0","2.19","0","0","0","1.4","0.54","0","0","0.15","1.79","1.9","3.16","NA","0","0.94","7.0000000000000007E-2","1.64","1.77","0","2.57","0","1.17","NA","5.6","4.0199999999999996","1.3","0","NA","0.49","5.05","0","4.8","NA","3.24","4.3899999999999997","0.27","NA","2.06","1.83","2.19","1.42","0.9","0.81","NA","NA","0","1.88","2.29","1.48","2.81","1.9","0.45","0","0","2.29","2.36","0","0","0.79","2.0099999999999998","2.85","NA","5.62","1.64","1.03","0","NA","1.1100000000000001","0","0.3","0","0","0.87","0","4.34","0","0","NA","4.34","NA","2.5299999999999998","1.52","2.14","3.16","1.05","4.0199999999999996","0","3.46","4.9800000000000004","0","NA","0.99","0","0.23","0","0","2.6","1.32","0","3.89","NA","3.99","2.4700000000000002","0.24","NA","4.88","0","0.86","2.2000000000000002","2.14","0","0.71","0.16","4.22","2.2599999999999998","2.21","2.35","3.08","0.42","2.68","NA","0.79","0","0.5","1.61","0","0","NA","1.64","0.54","NA","0.79","0","2.69",NA,"1.7","1.69","NA","0","NA","4.93","1.79","2.14","0.18","NA","0","NA","NA"
"2012","2.48","0","0","0","NA","0","0","4.9800000000000004","1.29","2.48","1.1599999999999999","2.7","0.75","2.17","0.28999999999999998","3.52","3.15","2.44","4.45","1.1100000000000001","NA","0.8","2.95","0","2.93","0.49","0","2.2599999999999998","0","0","3.29","1.61","2","0.91","2.82","3.56","1.42","3.13","1.52","1.52","0","0.19","3.56","1.04","1.62","1.37","5.2","2.21","4.09","NA","2.13","2.61","2.19","1.34","NA","2.15","0.12","2.0499999999999998","1.04","3.66","1.33","1.75","2.34","1.1599999999999999","3.02","2.48","0","1.97","1.6","0","3.38","0","3.31","2.2799999999999998","5.75","4.17","4.01","1.4","2.91","1.74","1.9","1.02","0","1.73","2.5499999999999998","2.97","2.88","2.6","1.44","4.53","3.05","0","0.09","2.21","0","NA","3.07","0","0","2.75","NA","5.59","NA","2.91","0","5.46","0","0","3.08","0","0","0","NA","0","2.58","0","1.51","4.04","2.36","0","2.5","2.2799999999999998","2.58","1.1200000000000001","1.63","1.4","2.11","2.7","NA","0.74","4.76","0.56999999999999995","0","0.95","3.32","4.26","1.59","0","1.68","1.27","0.57999999999999996","1.58","0","2.34","0","0","0","NA","NA","1.39","1.33","3.19","2.91","2.73","2.06","2.3199999999999998","0.59","2.5299999999999998","0","0","NA","1.76","1.56","2.34","2.94","0","3.92","0.4","1.39","0","0","NA","1.1399999999999999","0","3.33","7.0000000000000007E-2","2.81","2.19","2.33","5.39","2.78","2.81","0","2.31","NA","0","NA","0","1.06","3.99","0.9","3.2","0.6","3","1.9","3.86","0","2.35","0","4.05","3.28","4.7300000000000004","1.03","2.79","1.94","0","1.27","0.91","4.9800000000000004","1.99","0.5","2.2200000000000002","0","0","0","0","1.3","4.1900000000000004","NA","0","1.28","0","NA","1.9","NA","1.93","3.57","4.0999999999999996","1.88","1.76","2.95","4.34","4.05","3.68","3.42","1.72","0","3.28","NA","1.32","0","0","NA","3.89","2.5099999999999998","2.4900000000000002","NA","3.45","0.68","0.64","1.86","NA","NA","2.09","1.4","0","0","0.09","1.52","0","2.0699999999999998","NA","4.1500000000000004","0","3.43","0","NA","0","1.69","0.2","2.87","3.39","0.15","0.99","1.17","2.2999999999999998","0","0","2.46","4.6100000000000003","0","1.42","NA","0","3.94","1.19","0","1.18","0","0.85","2.31","1.08","3.04","3.26","3.01","2.33","NA","1.94","NA","3.45","1.98","0","0","1.59","1.7","2.67","0","0","0.55000000000000004","1.72","3.06","0","2.72","0","2.69","0","2.96","3.61","0","1","2.2999999999999998","2.59","2.63","1.42","1.71","0","3.5","1.72","2","0.08","0","1.97","4.32","NA","4.93","0","2.35","1.1299999999999999","0","4.96","0","0","3.14","1.08","2.71","0","2.2000000000000002","NA","3.24","1.23","0","3.29","0","0","0","2.4900000000000002","0","0","0","1.44","0.68","0","3.65","0.2","2.16","2.19","3.03","NA","0","0.89","0.16","2.75","3.51","0","2.82","0","1.18","NA","4.9800000000000004","4.45","1.48","0","NA","0.5","4.18","0","4.5999999999999996","NA","3.54","4.5","0.22","NA","1.93","1.63","2.15","1.06","1.23","0.91","NA","0","0","2.12","2.17","1.63","2.98","2.06","1.48","0","0","2.5299999999999998","2.46","0","0","0.9","2.46","3.36","NA","5.04","2.57","1.04","0","NA","1.17","0","0.28999999999999998","0","0","0.84","0","4.4400000000000004","0","0","NA","4.21","NA","2.15","1.57","2.15","3.13","1.33","3.67","0","3.12","4.7699999999999996","0","NA","1.23","0","1.28","0","0","2.5299999999999998","1.36","0","4.0599999999999996","NA","4.21","2.93","0.86","NA","3.85","0","1.32","2.2799999999999998","1.52","0","1.17","0.45","4.29","2.2200000000000002","2.14","2.3199999999999998","3.41","0.45","1.96","NA","1.64","0","0.62","1.66","0","0","NA","1.97","0.56000000000000005","NA","0.72","0","4.07",NA,"1.97","1.3","NA","0","NA","4.4800000000000004","2.08","2.69","0.21","NA","0","NA","NA"
"2013","3.29","2.46","2.36","0","0","0","0","3.58","2.02","2.4500000000000002","1.59","2.62","0.84","2.5499999999999998","0.46","3.18","2.94","2.2599999999999998","4.03","1.08","4.2300000000000004","0.69","3.08","0","2.89","0.35","0","2.17","0","0","2.83","2.69","2.11","0.8","3.22","1.67","1.36","4.28","1.68","2.83","0","0.16","3.28","1.05","2.2799999999999998","1.51","4.41","1.95","3.5","NA","2.0299999999999998","2.65","2.37","1.28","0","2.02","0.09","3.24","0.89","3.72","1.53","1.82","2.5099999999999998","1.33","2.84","2.34","0","1.67","1.63","0","4.53","0","2.85","2.37","5","3.77","3.65","1.53","2.68","2.42","1.17","1.29","0","1.46","2.2999999999999998","2.99","2.82","2.29","1.75","5.22","1.87","0","7.0000000000000007E-2","2.3199999999999998","0","0","3.01","0","0","2.4700000000000002","0","8.9499999999999993","NA","2.94","0","5.26","1.23","0","3","0","0","0","NA","0","2.4700000000000002","0","1.23","3.96","2.23","0","2.17","2.44","3.01","1.31","1.63","1.61","2.25","2.4500000000000002","NA","0.59","4.42","0.53","0","0.74","3.36","4.37","1.62","0","2.29","1.03","0.61","3.17","0","1.65","0","0","0","NA","1.96","1.46","1.2","2.92","3.97","2.71","3.1","2.5499999999999998","0.53","2.97","0","0","NA","1.68","1.7","2.91","3.02","0","3.66","0.39","1.75","0","0","NA","1.53","0","3.31","0.06","2.2799999999999998","3","1.72","4.74","2.79","2.16","0","1.91","NA","0","NA","0","0.67","4.6100000000000003","1.1200000000000001","2.85","0.6","3.1","2.1","3.87","1.65","4.29","0","3.96","3.29","4.74","1.17","2.88","2.09","0","1.41","1.1399999999999999","4.0199999999999996","2.64","0.57999999999999996","2.38","0","0","0","0","1.43","3.99","NA","0","0.77","0","NA","2.62","NA","1.89","3.47","3.44","2.0299999999999998","2.73","3.23","4.25","3.21","3.45","4.01","2.0499999999999998","0","2.79","NA","1.74","0","0","NA","6.79","2.34","2.0099999999999998","NA","3.97","0.41","0.57999999999999996","1.63","NA","NA","2.11","1.1200000000000001","0","0","0.08","1.69","0","2.37","NA","4.17","0","4.33","0","0","0","1.58","0.18","2.76","5.12","0.17","1.23","1.42","2.68","0","0","1.75","4.38","0","1.37","NA","0","3.76","0.96","0","1.35","0","0.79","2.88","1.48","2.78","3.52","2.67","2.5299999999999998","NA","1.69","NA","2.73","2.0699999999999998","0","1.56","1.48","1.85","2.69","0","0","0.78","1.25","2.95","0","3.15","0","2.5299999999999998","1.61","3.39","2.64","0","1.18","2.61","3.96","3.14","1.21","1.55","0","5.51","1.69","1.82","0.06","1.66","1.92","3.73","0","5.34","0","2.44","1.44","0","5.57","0","0","3.03","0.87","2.2599999999999998","0","1.86","NA","3.12","1.73","0","2.91","4.01","0","0","2.25","0","0","0","1.29","0.52","0","4.7","0.34","1.96","2.12","4.46","NA","0","0.87","0.2","2.66","3.29","2.08","2.2999999999999998","1.34","1.49","NA","4.72","3.6","1.48","0","NA","0.65","3.86","0","3.61","NA","3.05","3.86","0.13","NA","1.72","0.19","1.55","0.82","1.27","0.82","NA","0.83","0","1.81","1.95","1.58","2.71","2.35","2.14","0","0","1.56","1.99","0","0","0.95","2.8","3","NA","4.7699999999999996","2.92","0.81","0","NA","2.4900000000000002","0","0.28000000000000003","0","0","0.86","0","3.76","0","0","NA","3.94","NA","2.67","1.76","2.5099999999999998","3.63","1.97","2.92","0","3.24","4.3099999999999996","0","NA","1.07","0","2.41","0","0","2.16","1.18","0","3.85","NA","3.98","2.83","1.71","NA","3.44","1.5","1.1000000000000001","1.76","1.39","0","2.14","0.92","3.57","1.91","2.5299999999999998","1.71","3.67","0.34","2.17","NA","3.43","0","1.08","2.0099999999999998","0","0","NA","2.4500000000000002","0.61","NA","0.9","0","3.99",NA,"2.57","1.33","NA","0","0","3.89","1.82","1.75","0.17","NA","0","NA","NA"
"2014","2.96","2.31","1.86","0","0","0","0","3.32","1.62","2.7","1.45","2.59","0.72","2.64","0.56999999999999995","2.88","3.11","2.29","3.12","1.07","3.35","1.25","3.48","0","3.2","0.25","0","2.25","0","0","2.85","3.52","2","0.49","3.44","2.2400000000000002","1.08","3.67","2.06","2.6","0","0.53","3.5","0.98","2.4900000000000002","1.9","4.4800000000000004","1.76","3.25","NA","1.97","2.14","1.53","1.02","0","2.0299999999999998","0.08","2.69","0.66","4.67","1.24","1.61","2.2799999999999998","1.34","2.57","1.92","0","1.43","1.53","0","4.16","0","3.23","2.02","5.78","2.69","3.21","1.48","2.67","1.96","2.04","0.95","0","0.93","1.9","2.8","2.5","2.61","1.52","3.25","1.66","0","0.05","2.35","0","0","2.93","0","0","2.1","0.93","5.39","NA","2.8","0","5.27","1.42","0","2.54","0","0","1.24","NA","0","2.0499999999999998","0","1.1000000000000001","3.63","1.9","0","2.19","2.17","2.0299999999999998","1.28","1.42","1.75","2.78","2.59","NA","0.91","4.45","0.45","3.31","0.55000000000000004","2.02","4.83","1.66","0","2.2599999999999998","0.83","0.26","3.29","0","2.02","0","0","0","NA","2.08","1.28","1.02","2.67","3.81","2.35","3","2.17","0.59","2.36","0","0","NA","1.88","1.23","2.5499999999999998","3.06","1.01","3.12","1.66","1.39","0","0","0","0.96","0","2.99","0.04","2.4","2.46","2.0699999999999998","5.4","2.31","2.0699999999999998","0","1.88","NA","0","NA","1.87","0.62","6.11","1.17","3.05","1.26","2.2799999999999998","2.2000000000000002","3.16","1.36","2.54","0","3.4","3.32","4.96","1.1100000000000001","3.09","1.72","0","1.47","0.93","4.0199999999999996","1.93","0.46","2.41","0","0","0","0","1.4","3.5","NA","0","2.15","0","NA","1.95","0","1.49","3.17","3.08","1.57","2.33","2.38","4.17","2.81","3.22","3.87","2.0099999999999998","0","2.6","NA","1.75","0","0","NA","4.13","1.74","1.84","NA","5.18","0.36","0.57999999999999996","1.31","NA","NA","1.91","1.23","0","0","0.28999999999999998","1.33","0","1.69","0.66","4.54","0","4.55","0.74","0","0","1.44","0.15","2.82","3.58","0.11","1.06","1.03","2.71","0","0","1.24","4.0999999999999996","0","1.95","NA","0","4","0.85","0","0.95","0","1.56","2.1","1.38","2.74","3.57","3.28","2.23","NA","1.73","NA","2.42","2.27","0","2.2999999999999998","1.42","1.6","2.56","0","0","0.74","0.89","2.92","0","3.73","0","2.54","1.51","3.6","2.35","0","0.94","2.85","2.6","2.2200000000000002","1.34","1.39","0","2.9","1.3","1.82","0.05","1.27","1.9","3.7","0","5.25","0","4.4400000000000004","1.52","0","4.72","0","2.81","2.64","1.1200000000000001","2.1","0","1.66","NA","3.93","1.75","0","3.03","2.87","0","0","2.02","0","0","0.96","1.23","1.1399999999999999","0","3.29","0.72","1.82","2.2000000000000002","2.5099999999999998","NA","0","0.98","0.2","1.87","3.59","1.37","3.01","1.44","1.67","NA","3.96","3.22","1.53","0","NA","1.38","4.05","0","3.79","NA","3.28","3.82","0.23","NA","1.61","0.12","2.04","0.78","1.34","0.91","NA","0.77","0","1.7","1.67","1.24","2.93","2.21","1.69","0","0","1.31","2.2400000000000002","0","1.48","1","2.15","2.2000000000000002","NA","4.6500000000000004","2.5","0.63","0","NA","2.81","1.2","0.2","0","0","0.77","0","4.62","0","0","0.6","3.81","0","2.44","1.4","2.3199999999999998","3.97","1.6","3.52","0","2.87","4.1100000000000003","0","NA","0.88","0","2.85","0","0","2.34","1.53","0","4.04","NA","4.29","2.61","2.04","0","2.89","1.68","0.73","1.25","1.31","0","2.52","1.1200000000000001","3.72","1.58","2.4500000000000002","1.35","3.59","0.25","1.79","NA","2.06","0","1.25","1.54","0","0.82","NA","2.71","0.59","NA","0.78","0","3.15",NA,"2.7","1.08","NA","0","0","4.12","1.78","1.75","0.52","NA","0","NA","0"
"2015","2.83","1.46","1.5","0","0","0","0","2.81","1.0900000000000001","2.59","1.31","2.33","0.69","3.13","0.7","2.71","3.01","2.0299999999999998","3.07","0.96","3.37","1.0900000000000001","4.04","0","3.06","1.25","0","2.2400000000000002","0","0","2.65","2.78","2.2000000000000002","0.46","3.4","2.0299999999999998","1.0900000000000001","2.82","2.74","2.52","0","0.62","3.52","1.01","3.37","2.31","4.45","1.67","3.22","NA","1.98","1.56","1.28","1.27","0","1.82","7.0000000000000007E-2","2.27","1.1000000000000001","4.82","1.1299999999999999","2.04","2.37","1.25","2.3199999999999998","1.98","0","1.23","1.44","0","4.53","0.85","3.37","2.08","5.43","2.38","3.03","1.36","3.1","1.7","2.5299999999999998","1.01","0","0.8","1.55","2.86","2.17","2.27","1.34","2.96","1.63","0","0.03","2.64","0","0","2.68","0","0","1.96","0.7","7.08","NA","3.04","0","3.68","1.53","0","2.06","0","0","1.0900000000000001","0","3.02","1.95","1.25","0.92","2.81","1.62","0","2.14","1.85","1.77","0.94","1.41","2.36","2.68","2.4","NA","0.87","4.13","0.45","3.19","0.42","1.68","4.68","1.71","0","2.1800000000000002","1","0.75","3.62","0","1.97","0","0","0","NA","2.6","1.01","1.1399999999999999","3.22","5.92","2.14","3.7","2.0699999999999998","0.59","1.95","0","0","NA","1.97","1.36","2.82","2.7","0.9","3.15","1.52","1.1299999999999999","0","0","0","0.69","0","3.16","0.05","2.04","2.5","2.73","4.26","2.4900000000000002","1.69","0","1.72","NA","0","NA","3.8","0.92","5.08","1.1499999999999999","3.07","1.35","2.39","2.7","2.72","1.18","0.39","0","3.02","2.83","4.4800000000000004","0.89","2.95","1.59","0","1.81","0.94","3.78","1.72","0.67","2.34","0","0","0","0","1.59","3.68","NA","0","2.7","0","NA","1.83","0","1.66","2.42","3.19","1.04","4.55","5.49","3.41","2.61","3.08","4.7300000000000004","2","0","2.21","NA","2.1800000000000002","1.2","0","NA","3.78","1.52","2.09","NA","4.41","0.32","0.62","1.1200000000000001","NA","NA","2.21","1.18","0","0","0.47","1.56","0","1.53","0.71","4.21","0","3.42","0.79","0","0","1.22","0.09","2.44","4.04","0.09","1.67","0.8","3.25","1.1100000000000001","0","1.1299999999999999","3.81","0","1.52","NA","0","3.72","0.72","0","1.0900000000000001","0","1.93","1.95","1.58","2.62","3.32","2.83","2.67","NA","1.75","0","2.2799999999999998","3.04","0","1.73","1.4","1.59","2.5499999999999998","0","0","0.72","0.8","2.58","0","3.04","0","2.33","1.25","2.73","2.6","0","0.72","2.97","1.97","1.98","1.37","1.37","0","2.67","1.41","1.57","0.04","1.19","2.21","3.43","0","4.2699999999999996","0","2.58","1.33","0","4.2","0","2.38","2.54","0.98","2.19","0","1.53","NA","5.07","1.43","0","3.05","2.79","0","0","1.87","0","0","1.43","1.24","2.06","0","3.51","0.54","1.42","2.4900000000000002","3.36","NA","0","0.88","0.25","1.61","3.37","1.84","3.3","3.16","2.0499999999999998","NA","3.89","2.99","1.67","0","0","1.72","4.78","0","3.47","1.61","2.69","3.38","0.27","NA","2.12","0.15","2.11","0.78","1","1.1000000000000001","NA","1.1100000000000001","0","1.71","1.97","1.43","2.63","2.13","1.85","0","0","1.36","2.12","0","1.71","1.1299999999999999","2.48","2.65","0","4.46","2.74","0.59","0.56999999999999995","0","3.1","1.2","0.18","0","0","0.95","0","3.1","0","0","0.68","3.27","0.83","2.16","1.3","1.87","3.83","1.73","2.85","0","2.56","3.76","0","NA","0.94","0","3.73","0","0","2.23","1.49","1.67","3.65","NA","4.2","2.16","1.87","0","2.46","2.48","0.97","1.93","1.26","0","2.14","1.45","2.93","1.43","2.1","1.1100000000000001","3.22","0.35","1.66","NA","4.21","0","1.52","1.75","0","0.83","0","2.0699999999999998","0.54","NA","1.02","0","2.91",NA,"2.4700000000000002","0.99","NA","0","0","3.79","1.27","1.4","0.59","0","0","NA","0"
"2016","2.74","2.0699999999999998","1.4","0","0","0","0","2.8","1.27","2.97","1.64","3.01","0.75","3.59","0.84","2.8","3.26","2.2000000000000002","3.56","1.06","4.05","1.58","4.97","0","3.2","1.52","0","2.13","0","0","2.84","3.88","2.85","0.44","3","2.64","1.45","3.42","3.87","3.08","0","0.71","3.08","1.21","4.46","3.68","4.3899999999999997","1.86","3.99","NA","2.7","2.0699999999999998","1.56","2.04","0","2.75","0.48","2.8","2.2999999999999998","4.46","1.02","2.41","3.63","1.68","2.84","2.25","0","1.62","1.51","0","2.9","1.59","4.17","2.69","5.14","2.37","3.09","1.33","3.93","1.97","2.73","1.1100000000000001","0","0.91","2.0499999999999998","3.17","2.44","2.2799999999999998","1.73","3.03","1.65","0","0.03","2.96","0","0","3.07","0","1.92","2.13","0.9","12.92","NA","3.02","0","3.66","2.0699999999999998","0","2.59","0","0","1.47","0","2.27","2.27","1.23","1.2","2.87","1.76","0","2.2599999999999998","2.92","2","1.45","1.62","2.7","2.77","2.78","NA","1.02","4.5","0.71","5.0599999999999996","0.71","1.65","4.57","2.2400000000000002","0","2.56","1.25","1.03","4.58","0","3.7","0","0","0","0","2.69","1.22","1.32","3.8","2.58","3.13","4.26","2.41","0.7","2.41","0","0","2.96","2.2999999999999998","1.82","3.98","2.58","2.4700000000000002","3.74","2.35","1.56","0","0","1.34","0.64","0","3.66","0.06","2.2200000000000002","3.23","3.9","5.21","2.69","2.04","0","1.85","NA","0","NA","4.03","1.1599999999999999","4.3099999999999996","1.3","2.96","2.2599999999999998","2.52","3.6","3.18","1.56","0.39","0","3.19","2.67","4.05","0.96","3.29","2.2400000000000002","0","2.09","1.19","3.63","3.05","0.75","3.38","0","0","0.86","0","2.35","4","NA","0","2.57","0","NA","4.54","0","2.2799999999999998","2.29","2.8","1.03","5.68","10.17","3.24","3.13","2.78","15.47","2.42","0","2.4500000000000002","NA","3.89","1.1599999999999999","0","NA","3.9","1.73","2.54","NA","2.76","0.37","0.67","1.0900000000000001","NA","NA","2.72","1.32","0","0","0.79","1.63","0","1.87","1.07","3.84","0","3.11","1.1000000000000001","0","0","1.24","0.08","2.48","4.92","0.06","2.1800000000000002","1.32","3.86","1.33","0","1.45","3.85","0","1.96","NA","0","3.45","0.99","0","1.54","0","3.31","2.9","1.25","2.87","3.28","2.8","3.22","NA","1.93","0","2.66","2.5099999999999998","0","2.09","1.42","2.38","2.85","0","0","0.91","0.75","1.66","0","3.79","0","2.08","1.68","3.04","2.2200000000000002","0","0.77","1.1499999999999999","3.39","2.09","1.49","1.39","0","2.04","1.45","1.56","0.04","1.1299999999999999","2.7","3.48","0","4.71","0","3.22","1.56","0","4.3","0","2.96","2.83","1.1299999999999999","3.05","0","2.1","NA","6.47","1.5","0","2.7","2.88","0","0","2.2999999999999998","0","0","2.0499999999999998","1.75","3.01","0","7.58","0.71","1.54","3.03","13.77","NA","0","0.91","0.45","1.79","3.51","4.34","4.6500000000000004","4.3499999999999996","2.08","NA","3.62","2.4300000000000002","3.04","0","0","1.96","5.52","0","3","1.97","2.4500000000000002","3.14","0.38","NA","2.77","0.21","2.41","0.89","1.1399999999999999","1.95","1.66","1.51","0","1.35","2.5","1.67","4.8","2.77","2.75","0","0","1.3","1.84","0","2.82","1.31","2.5299999999999998","4.3600000000000003","0","4.3600000000000003","3.85","0.57999999999999996","1.48","0","3.43","1.23","0.23","0","0","0.91","0","5.07","0","0","0.74","3.46","0.96","2.76","1.42","2.2000000000000002","3.91","2.39","2.35","0","2.95","3.56","0","NA","1.06","0","5.05","0","0","2.09","1.35","1.6","3.72","NA","3.49","1.9","4.0599999999999996","1.86","2.88","5.15","1.19","2.69","1.27","0","2.34","2.13","2.76","1.62","2.27","0.94","3.11","0.35","2.2200000000000002","4.24","2.37","0","2.59","2.73","0","1.52","0","2.4300000000000002","0.48","0","1.72","0","2.63",NA,"3.87","0.88","0","0","0","3.68","2.15","2.29","1.08","0","0","NA","1.75"
"2017","2.4","1.63","0.54","0","0","0","0","2.48","1.9","2.0499999999999998","1.49","2.9","0.74","3.61","0.78","2.58","2.92","2.4300000000000002","2.84","1.01","4.07","1.4","3.79","0","3.51","1.18","0","1.95","0","0","2.74","3.37","2.62","0.38","2.91","2.33","1.4","2.89","3.08","2.54","0","0.64","3.18","1.0900000000000001","3.12","3.72","4.6399999999999997","1.68","3.72","NA","2.58","1.0900000000000001","1.26","1.56","0","2.2000000000000002","1.04","2.56","1.71","3.77","1.24","1.67","3.09","1.03","2.5099999999999998","2.09","0","1.72","1.3","0","2.16","1.5","3.45","2.3199999999999998","4.66","2.73","3.04","1.75","3.28","1.56","1.71","1.33","0","0.74","2.1","3.11","2.1800000000000002","1.97","2.48","2.71","1.73","0","0.03","2.16","0","0","2.15","0","2.96","1.82","0.78","5.07","NA","2.36","0","3.23","2.04","0","2.08","0","0","1.36","0","2.12","1.93","1.17","1.08","2.3199999999999998","1.58","0","2.12","1.46","1.75","1.36","1.34","2.4300000000000002","4.1500000000000004","2.48","NA","0.9","4.17","0.81","4.0599999999999996","0.75","1.46","4.47","1.98","0","1.99","1.1200000000000001","0.67","4.7300000000000004","0","2.82","0","0","0","0","3.18","1.1100000000000001","1.18","3.15","0","1.98","4.59","1.68","0.66","2.64","0","0","2.62","2.35","1.39","2.64","2.06","1.98","2.7","1.66","1.58","0","0","1.04","0.75","0","2.36","0.04","2.14","2.41","4.09","5.01","2.36","1.79","0","1.57","NA","0","NA","4.09","1.23","3.44","1.62","3.17","1.94","1.91","2.94","1.96","1.77","0.57999999999999996","0.42","2.93","3.49","4.17","0.96","3.84","1.94","0","1.94","1.01","3.57","2.23","0.65","2.75","0","0","1","0","1.66","3.96","NA","0","2.5099999999999998","0","NA","3.01","0","2.34","2.4900000000000002","2.91","1.5","5.31","4.4400000000000004","2.98","3","2.48","4.17","1.83","0","2.48","NA","2.68","1.36","0","NA","3.63","1.4","2.2599999999999998","NA","2.2999999999999998","0.32","0.52","0.76","NA","NA","1.96","1.1000000000000001","0","0","0.8","1.45","0","2.19","1.07","3.62","0","2.99","1.59","0","0","1.17","0.06","2.82","3.9","0.05","1.32","0.81","3.62","0.89","0","1.55","3.8","0","1.97","NA","0","3.31","0.81","0","1.1000000000000001","0","3.73","2.2000000000000002","0.54","2.73","3.27","3.91","1.95","0.48","1.85","0","1.74","1.22","0","1.81","1.25","1.86","1.49","0","0","1.33","0.62","1.62","0","2.81","0","1.93","1.51","3.1","2","0","0.69","1.02","3.23","1.87","1.23","1.5","0","2.35","1.26","1.51","0.03","0.98","2.15","3.27","0","4.5999999999999996","0","3.2","1.4","0","4.5599999999999996","0","1.03","2.8","0.92","2.1800000000000002","0","2.0099999999999998","0","6.03","1.24","1.04","2.78","2.34","0","0","1.7","0","0","1.6","1.0900000000000001","1.63","0","5.09","0.68","1.57","3.14","6.36","NA","0","0.72","0.49","1.73","3.47","2.5499999999999998","3.64","4.2300000000000004","1.25","NA","3.21","2.29","2.0499999999999998","0","0","1.6","3.86","0","2.66","1.41","2.33","3.01","0.35","NA","2.5","0.2","2.09","0.93","1.1100000000000001","1.84","1.1200000000000001","1.0900000000000001","0","1.93","2.2999999999999998","1.41","3.45","2.95","1.76","0","0","1.1599999999999999","1.9","1.64","1.77","0.87","2.5499999999999998","2.69","0","4.3","2.81","0.51","1.1599999999999999","1.41","3.52","0.96","0.16","0","0","1.4","0","4.83","0","0","0.87","3.22","0.85","4.54","1.18","2.1800000000000002","3.58","1.23","1.94","0","3.01","2.93","0","NA","0.76","0","4.3499999999999996","0","0","2.13","1.3","1.42","4.55","1.88","3.39","1.65","1.93","1.53","2.93","0.71","1.07","2.31","1.06","0","1.83","2.48","2.98","1.64","1.79","0.7","3.24","0.32","3.18","2.93","1.95","0","1.89","2.1","0","1.3","0","2.23","0.54","0","1.1100000000000001","0","2.33",NA,"3.45","0.67","0","0","0","3.18","1.99","2.25","0.69","0","0","NA","1.49"
"2018","1.81","1.44","0.26","0","0","0","0","2.94","2.88","1.97","1.34","2.33","0.7","4.0999999999999996","0.57999999999999996","2.64","3.5","2.29","3.58","1.06","3.37","1.53","4","0","3.59","1.52","0","1.7","0","0","2.98","3.01","2.23","0.33","2.59","1.91","1.64","2.5099999999999998","3.9","2.72","0","0.67","3.42","0.95","2.08","3.51","4.92","2.08","3.82","NA","2.88","1.4","1.06","1.47","0","2.27","1.52","2.33","1.84","4.09","1.21","1.49","1.96","1.17","2.15","2.02","0","1.86","1.18","0","2.12","1.05","3.16","2.15","5.56","2.44","2.9","2.14","3.32","1.29","1.95","1.51","0","0.77","2.35","3.42","2.21","2.0299999999999998","2.98","2.36","2.02","0","0.02","1.53","0","0","2.17","0","2.94","1.83","0.63","8.0399999999999991","0","2.7","0","4.49","2.0699999999999998","0","1.73","0","1.41","1.33","0","2.36","1.97","1.07","0.87","2.1800000000000002","1.38","0","2.3199999999999998","1.61","1.53","0.96","1.06","3.07","3.35","2.35","NA","0.85","4.71","0.82","4.0199999999999996","0.93","1.3","5.28","2.1","0","2.2599999999999998","1.05","0.73","5.83","0","2.84","0","0","0","0","3.08","0.96","1.27","2.79","1.08","2.08","4.6900000000000004","1.92","0.62","2.74","0","0","3.74","1.96","1.45","3.46","2.0699999999999998","2.27","2.4","1.66","1.63","0","0","0.76","0.74","0","2.25","0.19","2.0699999999999998","2.4500000000000002","3.52","6.61","2.09","2","0","1.73","NA","0","NA","3.96","1.18","3.76","1.1000000000000001","3.88","2.19","1.49","3.5","1.63","1.91","1.47","0.38","3.15","4.08","5.3","0.82","5.03","1.6","0","2","0.88","3.78","2.16","0.75","3.25","0","0.99","0.96","0","1.86","4.62","NA","0","2.75","0","NA","2.39","0","2.9","1.99","3.59","1.82","4.2300000000000004","5.45","0","3.33","2.42","4.97","1.81","0","2.73","NA","2.69","1.0900000000000001","0","2.21","3.74","1.33","2.68","NA","3.08","0.28000000000000003","0.51","0.86","NA","NA","1.9","1.1599999999999999","0","0","0.96","1.1499999999999999","0","2.71","1.17","3.83","0","2.72","2.29","0","0","1.4","0.05","3.45","3.6","0.04","1.56","1","3.7","1.04","0","1.62","3.73","0","1.94","0","0","3.52","0.85","0","2.65","0","2.88","2.54","0.79","3.98","3.57","3.63","1.95","0.37","1.93","0","1.59","1.38","0","1.49","1.1299999999999999","1.61","1.56","0","0","1.69","0.65","1.55","0","2.94","0","2.1","1","3.79","1.55","0","1.01","0.97","2.39","1.47","1.1599999999999999","1.1399999999999999","0","3.31","0.97","1.77","0.03","0.99","1.92","3.5","0","4.6900000000000004","0","3.58","1.33","0","4.46","0","1.1299999999999999","3.15","0.81","2.82","0","1.99","2.0099999999999998","7.43","1.21","1.01","3.23","2.0099999999999998","0","0","1.62","0","0","1.25","1.0900000000000001","1.87","0","4.67","0.86","1.38","2.54","8.0399999999999991","NA","0","0.82","0.6","2.2799999999999998","3.71","2.29","3.73","4.74","1.4","NA","3.39","2.42","2.42","0","0","1.78","4.1500000000000004","0","2.89","2.02","2.96","3.38","0.96","NA","2.23","0.24","2.1800000000000002","1.1499999999999999","1.1000000000000001","2.4","1.63","1.1100000000000001","0","2.3199999999999998","2.38","1.0900000000000001","3.26","3.65","2","0","0","1.03","1.95","1.44","1.32","0.9","3.21","2.12","0","5.81","3.33","0.38","1.2","1.67","2.69","0.8","0.14000000000000001","0","0","1.63","0","6.37","0","0","1.02","3.48","0.75","1.41","0.91","2.71","3.88","1.24","2.34","0","3.32","3.25","0","NA","0.77","0","4.3499999999999996","0","0","2.46","1.26","2.86","7.39","1.4","4.3","2.13","0.38","1.27","3.37","0.45","1.38","2.09","1.07","0","1.99","1.9","3.81","2.14","1.65","0.56000000000000005","3.68","0.34","2.5","2.65","1.22","0","2.92","2.61","0","1.41","0","2.0499999999999998","0.63","0","0.84","0","2.67",NA,"3.65","0.82","0","0","0","3.59","1.97","2.74","1.47","0","0","NA","1.24"
"2019","1.64","1.67","0.41","0","0","0","0","2","3.89","3.06","1.46","2.16","0.67","4.0999999999999996","0.57999999999999996","2.6","2.91","2.94","2.69","1.04","5.34","1.45","3.9","0","3.53","2.0499999999999998","0","1.78","0","0","3.19","2.72","2.08","0.28999999999999998","2.5099999999999998","1.63","1.54","2.36","4.51","3.6","0","0.5","0.39","0.75","2.5","4.58","4.2300000000000004","2.15","3.32","NA","3.03","2.0699999999999998","1.1299999999999999","1.43","0","2.1","2.79","2.88","2.82","5.21","1.01","1.73","1.87","1.61","2.97","2.11","0","1.85","1.0900000000000001","0","1.77","2.4900000000000002","3.03","2.34","6.62","3.08","2.67","2.0299999999999998","3.54","1.04","0.55000000000000004","1.77","0","1.45","2.17","3.42","2.0499999999999998","2.1800000000000002","3.44","2.84","2.2000000000000002","0","0.02","1.86","0","0","1.99","0","3.82","1.79","0.69","8.94","0","2.59","0","6.07","1.89","0","1.64","0","1.1599999999999999","1.43","0","2.27","2.77","1.22","1.04","2.0299999999999998","1.21","0","2.5499999999999998","1.33","2.2000000000000002","1.32","1.1399999999999999","4.43","3.51","2.78","NA","0.97","4.1399999999999997","1.42","3.85","1.25","1.67","4.8","2","0","2.86","0.93","0.91","6.83","0","3.38","0","1.06","0","0","3.28","0.98","1.08","2.87","1.55","1.92","4.62","3","0.56999999999999995","2.58","0","0","4.9400000000000004","1.59","1.89","4.1399999999999997","1.91","2.96","2.14","1.9","1.93","0","0","0.72","0.76","0","2.65","0.44","2.3199999999999998","3.13","4.34","4.7","2.2000000000000002","2.11","0","2.13","NA","0","NA","3.77","1.55","3.77","1.1000000000000001","4.1500000000000004","1.69","1.66","3.69","1.65","1.91","1.66","0.45","2.89","3.77","3.91","0.95","4.67","2.12","0","1.8","0.81","3.29","2.72","0.7","3.3","0","1.1100000000000001","1.72","0","2.23","4.91","NA","0","2.76","0","NA","3.27","0","2.95","2.31","3.56","2","5.0999999999999996","5.22","0","3.19","2.31","5.54","1.76","0","3.46","NA","2.95","0.97","0","2.85","2.99","1.29","2.5099999999999998","NA","4.05","0.34","0.52","1","0","NA","2.17","1.67","0","0.79","1.1000000000000001","1.26","0","3.59","1.24","3.58","0","2.69","2.86","0.48","1.5","1.41","0.03","3.08","2.69","0.03","2.33","1.28","4.7","1.17","0","1.7","3.17","0.45","2.35","5.46","0","2.95","0.77","0","2.66","0","2.84","2.29","1.19","4","3.07","3.6","3.19","0.34","2.4300000000000002","0","2.3199999999999998","1.17","0","1.44","1.06","2.58","2.5299999999999998","0","0","1.31","0.56999999999999995","1.51","0","2.85","0","1.79","1.04","3.13","1.9","0","0.72","1","2.95","1.91","1.07","1.33","0","3.85","1.29","1.39","0.02","1.04","2.11","3.08","0","3.9","0","2.94","1.19","0","3.72","0","1.33","2.79","0.97","3.89","0","2.2799999999999998","2.2799999999999998","6.83","1.1200000000000001","0.92","3.94","1.97","0","0","2.58","0","0","1.65","1.61","3.43","0","5.44","1.18","1.1100000000000001","3.02","8.7200000000000006","NA","0","0.71","0.66","2.64","3.1","3.87","5.44","3.12","1.62","NA","2.68","2.12","3.77","0","0","2.1","3.81","0","2.58","3.46","2.4300000000000002","2.83","1.1100000000000001","0","2.98","0.62","2.48","1.02","1.08","3.18","2.75","1.64","0","1.94","2.85","1.19","4.33","4.0599999999999996","3.88","0","0","1.2","1.67","1.93","2.42","1.03","3.13","3.29","0","5.1100000000000003","4.2","0.28999999999999998","1.85","2.59","3.82","0.88","0.15","0","0","2.41","0","5.09","0","0","1.18","3.1","1.1499999999999999","4.3600000000000003","0.65","2.88","3.28","3.09","3.65","0","2.79","3.45","0","NA","0.77","0","4.09","0","0","3.23","1.2","2.81","6.46","1.08","3.72","2.67","0.32","1.51","2.97","0.28000000000000003","1.42","1.69","1.1299999999999999","0","2.4500000000000002","1.97","3.65","2.39","1.99","0.46","2.91","0.28000000000000003","2.34","4.8499999999999996","2.4","0","2.94","2.2999999999999998","0","1.66","0","2.2200000000000002","0.71","0","1.77","0","3.09",NA,"6.15","0.84","0","0","0","3.18","1.82","3.26","2.35","0","0","NA","2.06"
"2020","1.18","1.03","0.23","0","0","0","0","2.23","4.5599999999999996","2.96","1.58","1.86","0.62","6.46","0.52","2.71","2.5","2.61","3","0.84","5.32","1.89","5.34","0","2.93","2.4500000000000002","0","1.69","0","0","2.78","3.5","1.94","0.28999999999999998","2.4700000000000002","1.76","1.47","2.27","4.83","4.83","0","0.48","0.36","0.75","3.23","3.08","4.29","2.16","4.3600000000000003","0","3.02","1.4","0.93","1.51","0","2.42","3.02","3.03","3.01","5.51","1.06","1.83","2.84","2.39","2.98","2.19","0","1.98","1.17","0","3.41","1.53","2.63","2.19","5.59","2.98","2.09","1.99","3.05","1.4","0.51","1.48","0","1.72","2.1","4.3600000000000003","2.23","1.98","3.12","2.52","2.0499999999999998","0","0.02","1.85","0","0","2.23","0","3.61","1.69","0.57999999999999996","3.48","0","2.14","0","7.99","1.68","0","1.62","0","1.27","1.28","0","1.72","2.4700000000000002","0.86","1","1.86","1.29","0","2.37","1.47","2.4700000000000002","1.56","0.86","7.2","2.42","3.84","NA","1.05","3.91","1.86","4.84","1.0900000000000001","1.57","3.88","2.11","0","3.49","0.8","2.39","8.33","0","4.8600000000000003","0","1.25","0","0","4.79","0.91","0.98","3.02","1.9","2.06","9.59","3.47","0.56999999999999995","2.09","0","0","6.14","1.48","1.84","5.53","1.72","2.99","1.74","1.75","1.93","0","0","0.62","0.72","0","3.77","1.77","2.57","3.69","5.78","4.62","2.4700000000000002","1.92","0","3.03","NA","0","NA","3.07","1.28","3.43","0.99","3.81","1.75","1.68","3.95","1.54","1.71","1.2","0.46","3.02","3.65","3.72","0.91","6.6","2.16","0","1.99","0.88","2.94","2.57","0.8","3.71","0","1.43","1.69","0","2.59","4.47","6.76","0","2.84","0","NA","3.22","0","2.73","2.12","3.03","2.16","5.42","5.41","0","2.94","2.58","8.16","2.0299999999999998","0","6.05","1.84","3.37","0.8","0","2.67","3.37","0.94","2.0299999999999998","NA","4.9400000000000004","0.8","0.51","0.93","0","NA","2.14","2.34","0","0.66","1.08","1.26","0","3.56","1.27","3.62","0","3.56","3.41","1.51","1.78","1.03","0.02","3.5","2.61","0.41","4.18","0.27","5.64","1.22","0","1.94","3.65","0.52","3.87","4.83","0","2.61","0.69","0","4.1900000000000004","0","3.14","3.57","2.7","3.62","2.42","3.42","4.2","0.4","2.4500000000000002","0","2.98","2.4","0","0.92","1.23","3.03","3.66","0","0","1.53","0.41","1.36","0","2.65","0","1.53","1.07","3.03","1.93","0","0.8","1.01","2.76","2.0299999999999998","0.75","1.08","0","2.92","1.22","1.28","0.02","0.9","1.82","3.47","0","3","0","2.87","1.39","0","3.3","0","2.5099999999999998","3.55","1.1200000000000001","4.6399999999999997","0","2.4500000000000002","2.0099999999999998","7.8","0.95","0.78","3.61","1.24","0","0","3.16","0","0","1.1599999999999999","1.7","4.2699999999999996","0.65","5.16","1.53","0.91","2.87","10.73","NA","0","0.63","0.7","3.8","2.59","3.33","4.96","3.03","1.83","4.7","2.35","2.13","4.08","0","0","2.57","4.88","0","2.37","4.68","2.46","2.54","2.75","0","4.2","1.97","2.4","1.41","1.02","4.63","3.72","1.97","0","2.15","2.6","1.31","5.36","4.68","4.3600000000000003","0","0","1.25","1.63","2.4","4.04","1.03","3.7","3.33","0","5.22","4.76","0.32","1.69","2.9","5.7","0.66","0.19","0","0","2.38","0","6.05","0","0","1.06","2.75","2.12","5.39","0.65","2.91","3.01","4.9400000000000004","3.01","0","2.83","2.91","0","1.43","0.72","0","5.34","0","0","3.3","1.08","3.66","6.29","1.06","2.95","4.43","1.1299999999999999","1.61","2.94","3.51","3.95","1.85","1.04","0","2","2.56","3.95","2.9","1.94","0.38","2.91","0.61","2.57","5.44","3.71","0","0.39","1.97","0","2.1","0","2.91","0.81","0","1.82","0","3.43",NA,"8.39","0.69","0","0","0","3.3","2.66","3.59","3.29","0","0","1.45","1.58"
"2021","0.95","0.64","0.12","0","0","0","0","1.65","2.94","2.39","1.49","1.67","0.59","6.17","0.48","2.54","2.54","2.52","3.59","0.84","4.8","1.45","5.0599999999999996","0","3.37","2.0099999999999998","0","1.36","0","0","3.13","3.22","1.69","0.23","2.48","1.47","0","2.21","5.4","1.08","0","0.37","0.31","0.57999999999999996","1.87","1.86","4.53","1.84","4.63","0","3.1","0.72","0.91","1.24","0","1.85","2.93","2.2999999999999998","1.77","5.65","0.8","1.18","0","1.52","2.2999999999999998","1.8","0","1.48","1.03","0","3.27","0.87","2.5299999999999998","2.56","7.4","3.18","2.0299999999999998","1.68","2.2599999999999998","1.45","0.46","1.55","0","1.1200000000000001","1.97","2.5299999999999998","2.1","1.86","2.89","3.12","2.35","0","1.86","1","0","0","1.74","0","4.55","1.58","0.63","3.2","0","1.1000000000000001","0","7.72","2.2599999999999998","0","1.72","0","1.0900000000000001","1.1599999999999999","0","1.77","2.21","0.74","0.95","2.04","1.35","0","2.33","1.21","2.63","0","0.88","1.74","1.46","3.36","0","0.45","4.43","0.99","0","0.97","1.98","4.43","1.49","0","3.28","0.79","2.54","0","0","4.1399999999999997","0","0.8","0","0","4.25","0.87","0.91","2.2799999999999998","0.86","1.54","0.14000000000000001","2.66","0.57999999999999996","2.2999999999999998","0","0","4.3099999999999996","1.56","1.37","5.19","1.87","2.82","1.57","1.29","1.71","0","0","0","0.73","0","2.63","1.51","2.2599999999999998","3.06","5.04","3.56","2.71","2.95","0","2.84","1.29","0","NA","3.46","1.03","3.49","0.72","3.73","1.53","2.21","3.1","0.99","1.38","4.03","0.36","2.67","3.45","4.6500000000000004","0","4.5599999999999996","1.43","0","1.58","0.62","3.86","1.82","0.65","2.58","0","1.28","1.38","0","1.8","3.6","4.55","0.5","2.31","0","NA","2.62","0","1.82","1.94","3.55","2.19","0","7.88","0","3.73","2.2200000000000002","6.95","1.91","0","0","1.1200000000000001","2.0499999999999998","0.75","0","1.63","3.89","1.1200000000000001","2.2200000000000002","NA","6.98","1.21","0.5","0.66","0","1.23","1.7","1.71","0","0.69","0.86","1.1000000000000001","0","3.68","1","4.62","0","1.06","0","2.0699999999999998","1.23","0.94","0","4.08","2.15","0.39","0.78","0","3.95","0.62","0","1.57","3.7","0.28000000000000003","0","4.57","0","3.09","0.59","0","2.88","0","2.61","2.4300000000000002","2.81","4.83","2.99","3.23","3","0.41","2.69","0","2.85","1.07","0","0.8","0.94","2.71","2.36","0","0","1.28","0.24","1.25","0","2.73","0","1.53","0","3.59","1.39","0","0.69","1.26","2.75","1.57","0.79","0.99","0","3.25","1.67","1.28","0.02","1.0900000000000001","1.55","3.64","0","4.33","0","3.61","1.1100000000000001","0","4.67","0","2.54","3.01","0.75","3.79","0","2.21","2.3199999999999998","7.12","0.71","0.73","4.01","1.47","0","0","2.83","0","0","1.23","1.29","2.91","0.94","3.63","0","0.9","2.57","1.25","NA","0","0.68","0.64","3.91","3.27","0","1.94","2.23","1.02","4.16","3.08","2.92","2.54","0","0","1.91","3.27","0","2.4900000000000002","3.52","2.4700000000000002","3.17","2.12","0","2.4700000000000002","0","2.56","0","0.99","4.12","3.29","2.56","0","2.11","2.15","1","3.96","4.03","3.57","0","0","1.03","1.61","0.03","2.94","0.81","3.94","2.94","0","6.17","3.85","0.22","1.07","2.2000000000000002","0","0.3","0.16","0","0","2.6","0","3.41","0","0","1.29","3.42","0","0","0.34","3.87","3.19","3.87","3.22","0","3.22","3.97","0","1.32","0.79","0","0","0","0","3.21","1.21","3.34","3.66","1.1599999999999999","3.02","0","0.65","0.82","4","3.22","1.43","1.37","0.69","0","2.13","0","4.3","2.36","1.55","0.34","3.42","0.63","2.41","1.73","0","0","0.51","2.09","0","1.5","0","2.21","0.67","0","1.8","0","2.86",NA,"2.5099999999999998","0.46","0","0","0","4.59","1.92","2.5299999999999998","2.48","0","0","1.38","0.84"
"2022","0.84","0.54","7.0000000000000007E-2","0","0","0","0","1.41","2.88","2.93","1.22","1.65","0.72","4.45","0.56999999999999995","2.59","2.27","2.37","3.62","0.6","3.82","1.68","3.79","0","2.84","1.98","0","1.25","0","0","2.65","2.78","1.66","0.22","2.2999999999999998","1.59","0","3.12","5.41","1.99","0","0.37","0.35","0.57999999999999996","2.4300000000000002","1.66","4.78","2.33","3.5","0","3.45","0.74","0.87","0.97","0","1.95","3.48","2.75","3.2","4.93","0.92","1.43","0","2.44","2.73","2.14","0","1.44","1.06","0","2.41","1.1100000000000001","2.17","1.99","8.84","3.15","2.2000000000000002","2.17","2.21","1.1299999999999999","0.39","1.63","0","1.03","2.4300000000000002","2.96","2.06","1.6","2.16","2.4500000000000002","2.1800000000000002","0","1.89","1.17","0.46","0","1.94","0","4.8499999999999996","1.39","0.68","4.0599999999999996","0.16","1.25","0","6.98","2.4300000000000002","0","1.71","0","0.89","1.19","0","1.74","2.3199999999999998","0.83","0.94","1.77","1.28","0","2.37","1.2","2.04","0","0.87","1.33","1.64","4.12","0","1.08","3.95","1.4","0","0.69","1.38","4.12","1.76","0","3.42","0.7","2.58","2.4","0","3.09","0","1.87","0","0","4.4800000000000004","1.02","1.2","2.2999999999999998","0.78","1.94","1.1100000000000001","2.67","0.56000000000000005","2.81","0","0","4.1399999999999997","1.46","1.52","4.54","1.52","2.21","1.31","1.71","1.3","0","0","0","0.73","0","1.53","1.3","2.1","3.3","4.8600000000000003","2.96","2.74","2.84","0","2.69","1.37","0","1.18","3.5","1.05","3.46","0.84","3.05","1.48","1.76","2.98","1.49","1.27","3.19","0.39","2.25","2.23","4.49","1.38","4.9000000000000004","1.48","0","1.39","0.64","3.46","1.62","0.69","2.0499999999999998","0","1.26","1.42","0","1.76","3.37","4.9000000000000004","0.53","2.4","0","NA","2.94","0","2.17","1.97","3.61","1.74","0","5.86","0","3.15","2.1800000000000002","5.37","1.9","0","0","1.1100000000000001","2.96","0.84","0","1.75","3.2","2.0099999999999998","1.76","NA","6.14","1.66","0.42","0.67","0","1.24","1.71","1.68","0","0.69","0.92","1.38","0","3.72","1.18","3.7","0","3.15","0","1.43","1.62","0.71","0","3.68","2.65","0.78","1.49","0.24","4.84","0.69","0","1.87","3.35","0.26","0","5.16","0","2.93","0.77","0","2.54","0","1.46","2.8","4.51","4.4000000000000004","3.17","3.14","2.7","0.44","2.3199999999999998","0","2.83","1.22","0","0.67","1.21","2.82","1.88","0","0","1.79","0.19","1.5","0","2.4500000000000002","0","1.6","0","2.72","1.63","0","0.92","1.33","2.88","1.75","0.61","1.17","0","3.33","1.64","1.08","0.01","0.87","1.32","2.95","0","3.89","0","2.88","1.1399999999999999","0","3.78","0","1.73","2.98","0.8","4.3099999999999996","0","2.46","2.35","4.9800000000000004","0.57999999999999996","0.75","3.66","1.37","0","0","2.63","0","0","1.22","1.32","3.08","0.9","2.78","0","0.72","3.44","2.14","NA","0","0.59","0.68","4.24","3.26","0","1.86","3.06","0.85","4.26","2.78","2.4700000000000002","1.98","0","0","2.0099999999999998","2.5299999999999998","0","2.2999999999999998","3.21","3.2","2.89","4.43","0","2.65","2.0499999999999998","2.1800000000000002","0","0.8","4.13","3.11","2.31","0","2.1","2.39","1.1399999999999999","4.4800000000000004","3.27","3.39","0","2.1800000000000002","2.0499999999999998","1.54","0.02","2.59","0.91","3.43","2.79","0","3.14","3.79","0.16","1.68","2.23","2.58","0.38","0.11","0","0","1.96","0","3.37","4.7300000000000004","0","1.43","2.99","0","1.57","0.3","3.24","2.2999999999999998","3.11","3.62","0","2.79","3.76","0","1.1599999999999999","0.81","0","0.69","0","0","3.13","1.0900000000000001","2.54","3.32","1.54","2.14","3.02","0.87","0.93","3.28","3.83","2.98","1.5","0.69","0","2","2.21","3.86","2.81","2","0.41","2.67","0.55000000000000004","3.6","2.2999999999999998","0","0","1.34","1.65","0","1.75","0","2.1","0.92","0","1.83","0","2.95",NA,"3.45","0.74","0","0","0","4.87","1.51","3.48","2.34","0","0","1.28","0.93"
"2023","1.1000000000000001","0.63","7.0000000000000007E-2","0","0","0","0","1.44","3.1","2.81","1.39","1.63","0.82","3.28","0.64","2.96","2.65","2.87","2.74","0.75","3.81","1.48","3.73","0","3.13","2.58","0","1.7","0","0","2.68","3.23","1.46","0.26","2.31","2.02","0","1.97","5.15","2.57","0","0.44","0.38","0.78","1.93","2.4300000000000002","6.81","3.17","4.08","0","3.61","0.89","1.07","1.18","0","2.5","3.96","2.88","3.22","5.21","1.1499999999999999","1.51","0","2.89","2.94","2.14","0","2.16","1.1499999999999999","0","4.74","1.41","2.87","2.2400000000000002","5.95","3.16","2.68","2.09","1.98","1.26","0.28000000000000003","1.54","0","1.29","3.31","3.54","2.2799999999999998","1.58","2.93","2.5299999999999998","2.4","0","1.7","1.19","0.8","0","1.88","0","3.77","1.46","0.9","6.52","0.14000000000000001","1.37","0","8.15","3.2","0","2.39","0","0.98","1.67","0","2.02","2.2599999999999998","1.07","1.1000000000000001","1.88","1.57","0","2.59","1.43","2.21","0.94","0.97","1.82","2.66","5.44","0","1.08","4.37","2.25","0.93","0.61","1.5","4.3600000000000003","1.62","0","4.0599999999999996","0.74","2.8","4.87","0","2.3199999999999998","0","2.27","0","0","3.92","1.07","1.34","2.5","1.22","2.4","1.21","3.87","0.65","2.4300000000000002","0","0","4.17","1.34","1.37","5","1.54","2.1","1.17","2.21","1.24","0","0","0.41","0.71","0","1.19","13.26","2.02","4.45","2.93","3.34","2.4700000000000002","2.79","0","2.93","1.62","0","1.52","4.8499999999999996","1.1000000000000001","4.84","1.07","2.74","1.27","2.17","2.81","1.77","1.44","3.63","0.47","2.85","4.0599999999999996","4.8099999999999996","1.21","5.94","1.75","1.27","1.03","0.65","3.84","1.46","0.71","2.27","0","1.86","1.46","0","2.13","4.88","4.83","0.69","2.72","0","0","3.64","0","2.2200000000000002","2.34","3.78","2.4","0","5.77","0","3.22","2.61","5.98","1.92","0","0","0.97","2.52","1.03","0","1.95","3.62","3.31","1.75","NA","6.43","1.57","0.41","0.74","0","1.36","1.61","1.8","0","0.77","0.96","1.31","0","2.61","1.18","3.68","0","3.37","0","6.2","2.19","0.78","0","4.05","3.02","0.9","1.71","0.37","4.88","0.82","0","1.86","3.89","0.2","0","4.63","0","3.29","0.79","0","2.44","0","1.88","3.26","9.24","4.57","3.69","3.96","3.65","0.42","2.19","0","3.37","1.55","0","0.82","1.51","2.82","1.32","0","0","1.82","0.24","1.45","0","3.39","0","1.9","0","3.92","1.66","0","1.46","2.97","4.26","2.0699999999999998","0.82","1.28","0","2.85","1.58","1.31","0.02","1.6","1.35","3.57","0","4.22","0","4.0999999999999996","1.27","0","4.03","0","2.61","2.23","0.92","4.05","0","3.54","3.43","4.71","0.38","0.87","3.62","1.49","0","0","3.18","0","0","1.18","1.57","3.42","1.33","4.37","2.14","1","4.3899999999999997","1.84","NA","0","0.59","0.65","5.45","3.6","0","2.4","2.69","0.63","4.3899999999999997","3.11","2.68","2.63","0","0","2.34","2.78","0","2.5","4.04","3.05","1.82","9.9","0","3.66","1.8","1.69","0","0.86","4.12","3.09","2.2999999999999998","0","2.5099999999999998","1.79","1.07","5.04","3.49","4.4400000000000004","1.21","1.92","2.21","2.14","0.02","3.1","1.18","3.06","3.6","0","3.6","2.81","0.23","2.2200000000000002","2.56","2.77","0.43","0.11","0","0","3.24","0","3.79","4.24","0","1.6","3.6","0","2.0299999999999998","0.43","6.05","3.57","4.0199999999999996","3.69","0","4.1500000000000004","4.22","0","1.44","0.74","0","2.82","0","0","2.81","1.27","2.88","4.49","1.1100000000000001","3.6","3.09","1.47","1.18","3.5","4.57","4.42","1.59","1.1499999999999999","0","2.04","2.57","4.1399999999999997","2.62","3.82","0.57999999999999996","3.65","0.61","4.78","3.44","0","0","2.52","2.21","0","1.34","0","2.46","1.34","0","1.81","0","5.14",NA,"4.28","0.83","0","0","0","4.72","2.38","5.13","3.25","0","0","1.56","1.17"
"2024","0.72","0.53","0.02","0","0.4","0","0","0.66","1.5","2.27","1.54","1.29","0.73","3.59","0.55000000000000004","2.94","2.37","2.34","2.4300000000000002","0.54","3.47","1.41","4.2699999999999996","0","3.26","2.79","0.5","1.35","0","0","3.07","3.31","1.24","0.27","2.2999999999999998","1.85","0.67","1.1399999999999999","3.53","2.54","1.59","0.42","0.2","0.54","1.54","1.96","6.62","2.9","6.32","0","3.21","0.61","0.85","1.0900000000000001","0","2.06","3.81","3.04","3.93","5.79","1.45","1.1000000000000001","0","2.83","2.5","2.17","0","1.8","0.91","1","3.66","0.82","2.59","2.63","6.54","4.72","3.73","2.4500000000000002","1.28","1.31","0.21","1.35","0","1.5","3.3","4.4000000000000004","2.2400000000000002","1.37","3.6","2.95","2.35","0","1.68","1.6","0.48","0","1.75","0","4.26","1.41","0.91","3.33","0.09","0.81","0","9.59","3.37","0","2.1","0","0.85","1.3","0","1.89","2.15","1.1299999999999999","0.85","1.46","1.61","0","2.2200000000000002","1.26","1.94","0.83","0.89","2.23","2.83","6.58","0","0.79","4.51","2.04","1.17","0.47","1.64","4.1900000000000004","1.17","0","4.7300000000000004","0.78","3.14","4.82","0","1.91","0","1.58","0","0","2.91","0.86","1.01","1.94","0.79","2.1","1.43","4.1900000000000004","0.55000000000000004","3","0","0","4.55","1.17","0.95","4.8099999999999996","1.17","1.98","0.99","1.75","0.86","0","0","0.28999999999999998","1.01","0","1.1299999999999999","4.6100000000000003","1.83","5.9","2.99","2.63","2.09","2.37","0","3.03","1.35","0","0.83","5.64","0.78","3.24","1.77","3.69","1.18","2.21","2.98","2.0699999999999998","1.56","3.13","0.47","2.91","4.24","5.89","0.9","5.18","1.64","0.93","0.76","0.68","4.1399999999999997","1.32","0.62","3.69","0","1.53","1.42","0","2.3199999999999998","5.96","5.0199999999999996","0.54","2.14","0","0.13","3.75","0","2.46","2.94","3.97","2.36","1.56","5.27","0.24","3.55","2.5","5.22","1.95","0","0","1.19","2.4900000000000002","1.58","0","2.19","4.28","2.08","2.91","4.25","6.47","1.24","0.34","0.5","0","1.42","1.73","1.52","0","0.65","0.69","1.1299999999999999","0","1.77","1","3.82","0","3.06","0.95","4.3899999999999997","2.25","0.57999999999999996","0","4.3600000000000003","2.1800000000000002","0.77","1.91","0.3","5.03","0.67","0","1.86","3.86","0.15","0","5.61","0","4.42","0.77","0","2.8","0","2.42","3.45","7.46","4.6900000000000004","4.9000000000000004","4.5199999999999996","4.07","0.37","1.99","0","3.8","1.79","0","1.1000000000000001","1.36","3.74","1.38","0","0","1.74","0.22","1.3","0","4.09","0","2.36","0","3.82","1.5","0","1.24","2.83","4.83","1.57","0.62","1.44","0","3.45","1.18","1.1299999999999999","0","1.35","1.22","3.77","0","4.5","0","4.3600000000000003","1.1399999999999999","0","4.49","0","2.29","2.68","0.85","4.79","0","2.11","3.24","3.21","0.22","0.79","4.09","1.19","0","0","3.63","0","0","0.72","1.5","5.16","1.88","2.88","2.12","0.89","4.37","2.0099999999999998","0.41","0","0.53","0.56000000000000005","4.6500000000000004","4.26","0","2.29","4.46","1.1200000000000001","5.5","3.76","2.86","2.85","0","0","1.82","2.92","0","2.85","5.31","3.16","3.54","3.12","0","3.72","1.7","1.89","0","0.85","4.5199999999999996","3.34","1.78","0","3.39","1.27","1.07","5.28","4.2300000000000004","5.78","1.32","2.31","1.49","2.48","0.02","1.9","1.02","3.17","2.77","0.81","3.94","3.45","0.26","2.56","2.44","2.96","0.45","0.09","0","0","3.68","0","4.09","3.81","0","1.51","4.0199999999999996","0","1.75","0.43","5.92","4.3","5.73","5.04","0","4.18","5.23","0","1.77","0.71","0","3.82","0","0","3.46","1.28","2.35","4.87","1.41","4.6100000000000003","2.83","2.66","0.76","4.0599999999999996","2.87","1.83","1.17","1.0900000000000001","0","2.41","1.62","4.34","2.68","3.62","0.61","4.67","0.47","2.2200000000000002","2.69","0.99","0","3.29","1.6","0","1.41","0","3.3","1.92","0","4.05","0","5.57",NA,"5.15","1.36","0","0","0","5.17","2.63","6.55","4.2300000000000004","0","0","1.93","0.73"
